treatment,sub,rep,rfu,time,date,day ,exp.time,exp.date,fluorophore
E,1,2,1249.34,13:16,2/9/17,2,10:44,2/9/17,AMC
E,1,2,1250.16,12:53,2/9/17,2,10:44,2/9/17,AMC
E,1,2,1263.67,11:56,2/9/17,2,10:44,2/9/17,AMC
E,1,2,1481.99,10:55,2/9/17,2,10:44,2/9/17,AMC
C,1,1,9107.6,12:29,2/8/17,1,11:22,2/8/17,AMC
B,2,3,9974.64,12:26,2/10/17,3,11:32,2/10/17,AMC
E,3,2,10730.45,10:50,2/13/17,6,10:08,2/13/17,AMC
F,3,3,11114.39,10:35,2/22/17,15,9:41,2/22/17,AMC
C,3,2,12068.89,10:41,2/15/17,8,9:58,2/15/17,AMC
D,3,3,13095.81,10:43,2/15/17,8,9:58,2/15/17,AMC
A,3,3,321659.34,12:08,2/13/17,6,10:08,2/13/17,AMC
A,2,3,14151.43,11:35,2/20/17,13,11:01,2/20/17,AMC
F,2,1,20573.43,11:59,2/9/17,2,10:44,2/9/17,AMC
F,2,1,21289.7,12:57,2/9/17,2,10:44,2/9/17,AMC
F,2,1,21313.36,10:58,2/9/17,2,10:44,2/9/17,AMC
F,2,1,21503.74,13:20,2/9/17,2,10:44,2/9/17,AMC
E,2,3,30636.12,13:16,2/8/17,1,11:22,2/8/17,AMC
F,1,3,31366.88,9:50,2/22/17,15,9:41,2/22/17,AMC
C,2,3,44161.05,10:13,2/13/17,6,10:08,2/13/17,AMC
F,2,2,46639.05,11:00,2/9/17,2,10:44,2/9/17,AMC
F,2,2,47081.18,13:20,2/9/17,2,10:44,2/9/17,AMC
F,2,2,47140.95,11:59,2/9/17,2,10:44,2/9/17,AMC
F,2,2,47612.9,12:57,2/9/17,2,10:44,2/9/17,AMC
C,1,2,47697.93,10:12,2/13/17,6,10:08,2/13/17,AMC
F,1,2,48351.52,11:58,2/9/17,2,10:44,2/9/17,AMC
F,1,2,48352.27,10:58,2/9/17,2,10:44,2/9/17,AMC
F,1,1,48549.05,11:58,2/9/17,2,10:44,2/9/17,AMC
F,1,2,48562.23,12:56,2/9/17,2,10:44,2/9/17,AMC
F,1,2,48638.05,13:19,2/9/17,2,10:44,2/9/17,AMC
F,1,1,49228.83,10:58,2/9/17,2,10:44,2/9/17,AMC
F,1,1,49444.72,12:56,2/9/17,2,10:44,2/9/17,AMC
F,1,1,49865.46,13:19,2/9/17,2,10:44,2/9/17,AMC
C,1,2,50269.79,10:45,2/13/17,6,10:08,2/13/17,AMC
F,2,3,50825.55,12:10,2/8/17,1,11:22,2/8/17,AMC
F,2,3,50836.7,11:36,2/8/17,1,11:22,2/8/17,AMC
F,2,3,51011.21,12:37,2/8/17,1,11:22,2/8/17,AMC
E,1,3,51468.77,10:17,2/13/17,6,10:08,2/13/17,AMC
F,2,3,51954.54,13:19,2/8/17,1,11:22,2/8/17,AMC
E,2,2,52252.75,9:48,2/22/17,15,9:41,2/22/17,AMC
C,1,1,52271.85,10:49,2/9/17,2,10:44,2/9/17,AMC
E,1,3,53101.21,10:49,2/13/17,6,10:08,2/13/17,AMC
E,1,2,53480.29,9:48,2/22/17,15,9:41,2/22/17,AMC
E,1,3,53645.71,11:45,2/10/17,3,11:32,2/10/17,AMC
F,2,2,53847.45,11:36,2/8/17,1,11:22,2/8/17,AMC
F,2,2,54081.28,12:10,2/8/17,1,11:22,2/8/17,AMC
E,1,2,54326.45,10:16,2/13/17,6,10:08,2/13/17,AMC
F,2,2,54384.34,12:37,2/8/17,1,11:22,2/8/17,AMC
C,1,2,54423.49,11:17,2/13/17,6,10:08,2/13/17,AMC
C,2,3,54610.78,10:46,2/13/17,6,10:08,2/13/17,AMC
D,2,1,54718.28,10:53,2/9/17,2,10:44,2/9/17,AMC
C,1,3,54747.73,11:10,2/20/17,13,11:01,2/20/17,AMC
E,1,2,54792.59,10:34,2/22/17,15,9:41,2/22/17,AMC
F,2,1,54892.03,11:36,2/8/17,1,11:22,2/8/17,AMC
F,2,1,54940.81,12:10,2/8/17,1,11:22,2/8/17,AMC
F,2,1,55208,12:37,2/8/17,1,11:22,2/8/17,AMC
F,2,2,55407.28,13:19,2/8/17,1,11:22,2/8/17,AMC
F,1,2,55464.84,10:20,2/13/17,6,10:08,2/13/17,AMC
E,1,2,55939.51,10:49,2/13/17,6,10:08,2/13/17,AMC
F,2,1,56017.11,13:18,2/8/17,1,11:22,2/8/17,AMC
E,1,3,56312.73,11:22,2/13/17,6,10:08,2/13/17,AMC
D,2,2,56363.68,9:46,2/22/17,15,9:41,2/22/17,AMC
C,1,3,56649.03,11:38,2/20/17,13,11:01,2/20/17,AMC
E,2,3,56947.15,9:49,2/22/17,15,9:41,2/22/17,AMC
C,1,3,57484.37,12:04,2/20/17,13,11:01,2/20/17,AMC
B,2,2,57580.86,10:48,2/9/17,2,10:44,2/9/17,AMC
B,2,1,57627.54,10:11,2/13/17,6,10:08,2/13/17,AMC
D,3,1,69913.4,12:31,2/10/17,3,11:32,2/10/17,AMC
D,1,3,58026.86,10:53,2/9/17,2,10:44,2/9/17,AMC
C,1,2,58056.37,10:50,2/9/17,2,10:44,2/9/17,AMC
B,1,2,58487.82,10:47,2/9/17,2,10:44,2/9/17,AMC
D,1,3,58567.37,10:15,2/13/17,6,10:08,2/13/17,AMC
D,1,1,58784.48,11:12,2/20/17,13,11:01,2/20/17,AMC
D,1,1,58903.12,10:14,2/13/17,6,10:08,2/13/17,AMC
E,1,2,59042.66,11:22,2/13/17,6,10:08,2/13/17,AMC
F,1,3,59227.65,10:58,2/9/17,2,10:44,2/9/17,AMC
E,2,3,59357.75,10:17,2/13/17,6,10:08,2/13/17,AMC
C,2,1,59389.21,9:45,2/22/17,15,9:41,2/22/17,AMC
B,1,3,59524.14,10:10,2/13/17,6,10:08,2/13/17,AMC
E,1,2,59741.62,12:16,2/22/17,15,9:41,2/22/17,AMC
C,2,3,60060.7,9:46,2/22/17,15,9:41,2/22/17,AMC
B,1,2,60106.75,9:44,2/22/17,15,9:41,2/22/17,AMC
E,2,1,60177.1,10:17,2/13/17,6,10:08,2/13/17,AMC
C,2,2,60235.98,10:13,2/13/17,6,10:08,2/13/17,AMC
E,3,1,60251.77,12:33,2/10/17,3,11:32,2/10/17,AMC
C,1,2,60257.3,12:10,2/13/17,6,10:08,2/13/17,AMC
D,2,3,60267.82,9:47,2/22/17,15,9:41,2/22/17,AMC
D,2,3,60349.47,10:16,2/13/17,6,10:08,2/13/17,AMC
E,1,1,60467.85,10:55,2/9/17,2,10:44,2/9/17,AMC
B,1,1,60470.77,10:47,2/9/17,2,10:44,2/9/17,AMC
D,1,2,60476.93,10:52,2/9/17,2,10:44,2/9/17,AMC
C,1,1,60535.34,11:08,2/20/17,13,11:01,2/20/17,AMC
B,1,3,60621.57,10:47,2/9/17,2,10:44,2/9/17,AMC
E,1,3,60802.93,9:48,2/22/17,15,9:41,2/22/17,AMC
C,1,3,60923.4,10:50,2/9/17,2,10:44,2/9/17,AMC
E,2,2,60925.35,10:17,2/13/17,6,10:08,2/13/17,AMC
F,2,3,60947.42,10:20,2/13/17,6,10:08,2/13/17,AMC
E,1,1,60973.15,9:47,2/22/17,15,9:41,2/22/17,AMC
D,2,2,60981.3,10:15,2/13/17,6,10:08,2/13/17,AMC
F,2,2,61167.39,11:48,2/10/17,3,11:32,2/10/17,AMC
D,1,1,61237,10:46,2/13/17,6,10:08,2/13/17,AMC
B,1,2,61309.16,10:10,2/13/17,6,10:08,2/13/17,AMC
B,2,3,61336.13,10:48,2/9/17,2,10:44,2/9/17,AMC
E,1,2,61469.45,12:30,2/22/17,15,9:41,2/22/17,AMC
F,2,1,61543.81,11:25,2/13/17,6,10:08,2/13/17,AMC
E,2,2,61561.27,10:34,2/22/17,15,9:41,2/22/17,AMC
B,2,2,61563.18,10:11,2/13/17,6,10:08,2/13/17,AMC
D,1,2,61577.61,9:46,2/22/17,15,9:41,2/22/17,AMC
F,1,2,61721.69,10:51,2/13/17,6,10:08,2/13/17,AMC
E,2,1,61753.07,9:48,2/22/17,15,9:41,2/22/17,AMC
D,2,1,61753.51,9:46,2/22/17,15,9:41,2/22/17,AMC
D,1,3,61772.94,10:47,2/13/17,6,10:08,2/13/17,AMC
B,1,3,61908.56,11:07,2/20/17,13,11:01,2/20/17,AMC
B,1,3,61909.14,9:44,2/22/17,15,9:41,2/22/17,AMC
C,1,2,62035.85,9:45,2/22/17,15,9:41,2/22/17,AMC
B,1,1,62120.63,9:43,2/22/17,15,9:41,2/22/17,AMC
C,1,2,62196.16,11:09,2/20/17,13,11:01,2/20/17,AMC
C,1,3,62265.68,13:08,2/20/17,13,11:01,2/20/17,AMC
E,1,3,62274.01,12:14,2/13/17,6,10:08,2/13/17,AMC
B,2,3,62305.68,10:11,2/13/17,6,10:08,2/13/17,AMC
C,2,2,62351.55,9:45,2/22/17,15,9:41,2/22/17,AMC
C,1,1,62572.09,11:37,2/20/17,13,11:01,2/20/17,AMC
B,2,1,62646.6,9:43,2/22/17,15,9:41,2/22/17,AMC
E,1,1,62737.29,10:34,2/22/17,15,9:41,2/22/17,AMC
B,1,2,62741.09,10:31,2/22/17,15,9:41,2/22/17,AMC
C,1,3,62853.48,9:45,2/22/17,15,9:41,2/22/17,AMC
A,1,2,62861.7,10:44,2/9/17,2,10:44,2/9/17,AMC
E,1,3,62875.84,10:34,2/22/17,15,9:41,2/22/17,AMC
F,1,2,62895.25,9:49,2/22/17,15,9:41,2/22/17,AMC
E,1,2,63194.74,12:14,2/13/17,6,10:08,2/13/17,AMC
C,1,1,63306.17,12:04,2/20/17,13,11:01,2/20/17,AMC
B,1,2,63329.88,11:06,2/20/17,13,11:01,2/20/17,AMC
B,1,3,63484.6,10:43,2/13/17,6,10:08,2/13/17,AMC
C,2,2,63603.34,20:51,2/9/17,2,10:44,2/9/17,AMC
D,1,1,63604.69,10:52,2/9/17,2,10:44,2/9/17,AMC
C,1,3,63654.65,11:38,2/10/17,3,11:32,2/10/17,AMC
E,1,3,63678.5,10:55,2/9/17,2,10:44,2/9/17,AMC
B,1,2,63757.63,10:43,2/13/17,6,10:08,2/13/17,AMC
C,1,2,63816.23,11:38,2/20/17,13,11:01,2/20/17,AMC
D,1,1,63946.62,11:19,2/13/17,6,10:08,2/13/17,AMC
C,1,1,63954.16,9:45,2/22/17,15,9:41,2/22/17,AMC
B,2,2,64032.61,9:44,2/22/17,15,9:41,2/22/17,AMC
B,1,3,64102.14,11:36,2/20/17,13,11:01,2/20/17,AMC
A,1,1,64104.78,10:44,2/9/17,2,10:44,2/9/17,AMC
B,1,1,64192.62,10:31,2/22/17,15,9:41,2/22/17,AMC
F,1,1,64244.44,9:49,2/22/17,15,9:41,2/22/17,AMC
E,1,2,64247.31,11:16,2/20/17,13,11:01,2/20/17,AMC
C,2,1,64397.75,10:13,2/13/17,6,10:08,2/13/17,AMC
E,2,3,64515.37,10:34,2/22/17,15,9:41,2/22/17,AMC
B,1,2,64605.6,11:36,2/20/17,13,11:01,2/20/17,AMC
B,2,1,64640.46,10:00,2/15/17,8,9:58,2/15/17,AMC
D,1,2,64654.05,10:33,2/22/17,15,9:41,2/22/17,AMC
C,1,2,64666,10:32,2/22/17,15,9:41,2/22/17,AMC
E,1,2,64899.58,10:07,2/15/17,8,9:58,2/15/17,AMC
C,2,3,64998.37,10:03,2/15/17,8,9:58,2/15/17,AMC
D,2,2,65013.33,10:33,2/22/17,15,9:41,2/22/17,AMC
B,1,2,65149.71,12:03,2/20/17,13,11:01,2/20/17,AMC
E,1,3,65158.51,11:16,2/20/17,13,11:01,2/20/17,AMC
C,2,1,65300.83,11:08,2/20/17,13,11:01,2/20/17,AMC
C,1,3,65323.61,10:33,2/22/17,15,9:41,2/22/17,AMC
C,1,2,65428.39,12:04,2/20/17,13,11:01,2/20/17,AMC
B,1,3,65448.86,12:03,2/20/17,13,11:01,2/20/17,AMC
D,1,1,65513.28,9:46,2/22/17,15,9:41,2/22/17,AMC
D,1,3,65539.43,9:47,2/22/17,15,9:41,2/22/17,AMC
E,2,1,65575.2,11:15,2/20/17,13,11:01,2/20/17,AMC
B,1,1,65606.14,11:04,2/20/17,13,11:01,2/20/17,AMC
B,1,3,65699.5,10:32,2/22/17,15,9:41,2/22/17,AMC
E,1,1,65750.93,10:16,2/13/17,6,10:08,2/13/17,AMC
F,1,1,65756.88,11:35,2/8/17,1,11:22,2/8/17,AMC
F,1,1,65871.54,12:09,2/8/17,1,11:22,2/8/17,AMC
C,1,1,65947.17,13:07,2/20/17,13,11:01,2/20/17,AMC
F,1,1,65947.43,12:36,2/8/17,1,11:22,2/8/17,AMC
E,1,3,66026.37,10:07,2/15/17,8,9:58,2/15/17,AMC
D,1,3,66119.12,11:13,2/20/17,13,11:01,2/20/17,AMC
D,2,1,66143.98,10:15,2/13/17,6,10:08,2/13/17,AMC
A,2,3,66191.42,9:43,2/22/17,15,9:41,2/22/17,AMC
E,1,2,66194.36,10:43,2/15/17,8,9:58,2/15/17,AMC
D,1,2,66266.62,10:05,2/15/17,8,9:58,2/15/17,AMC
C,1,1,66301.38,10:12,2/13/17,6,10:08,2/13/17,AMC
E,1,2,66308.15,12:06,2/20/17,13,11:01,2/20/17,AMC
D,1,2,66316.74,10:15,2/13/17,6,10:08,2/13/17,AMC
B,2,3,66329.29,9:44,2/22/17,15,9:41,2/22/17,AMC
E,1,2,66332.15,11:42,2/20/17,13,11:01,2/20/17,AMC
E,2,3,66550.68,10:50,2/13/17,6,10:08,2/13/17,AMC
E,1,3,66599.29,12:06,2/20/17,13,11:01,2/20/17,AMC
E,1,3,66707.35,11:42,2/20/17,13,11:01,2/20/17,AMC
E,2,3,66716.2,11:17,2/20/17,13,11:01,2/20/17,AMC
C,1,3,66728.21,10:13,2/13/17,6,10:08,2/13/17,AMC
E,1,3,66731.59,12:17,2/22/17,15,9:41,2/22/17,AMC
D,1,3,66768.03,11:19,2/13/17,6,10:08,2/13/17,AMC
E,1,3,66999.49,10:43,2/15/17,8,9:58,2/15/17,AMC
F,1,3,67006.04,11:18,2/20/17,13,11:01,2/20/17,AMC
F,1,1,67068.18,13:17,2/8/17,1,11:22,2/8/17,AMC
B,1,1,67124.55,11:35,2/20/17,13,11:01,2/20/17,AMC
B,1,2,67197.55,11:14,2/13/17,6,10:08,2/13/17,AMC
B,1,1,67378.15,10:10,2/13/17,6,10:08,2/13/17,AMC
E,1,1,67443.1,12:15,2/22/17,15,9:41,2/22/17,AMC
F,1,2,67527.75,12:09,2/8/17,1,11:22,2/8/17,AMC
D,1,1,67545.78,10:33,2/22/17,15,9:41,2/22/17,AMC
F,1,2,67710.39,11:35,2/8/17,1,11:22,2/8/17,AMC
E,3,1,67729.88,13:15,2/10/17,3,11:32,2/10/17,AMC
E,2,2,67776.39,11:16,2/20/17,13,11:01,2/20/17,AMC
F,1,2,67784.29,12:36,2/8/17,1,11:22,2/8/17,AMC
F,1,3,67876.1,11:36,2/8/17,1,11:22,2/8/17,AMC
D,1,3,67893.03,10:33,2/22/17,15,9:41,2/22/17,AMC
B,1,3,67962.91,11:14,2/13/17,6,10:08,2/13/17,AMC
B,2,1,68016.64,10:43,2/13/17,6,10:08,2/13/17,AMC
B,1,1,68054.39,12:09,2/22/17,15,9:41,2/22/17,AMC
F,1,3,68212.32,12:10,2/8/17,1,11:22,2/8/17,AMC
B,1,1,68275.92,12:03,2/20/17,13,11:01,2/20/17,AMC
E,2,1,68309.02,10:49,2/13/17,6,10:08,2/13/17,AMC
F,1,2,68362.71,11:47,2/10/17,3,11:32,2/10/17,AMC
F,1,1,68450.35,11:47,2/10/17,3,11:32,2/10/17,AMC
C,1,2,68453.44,12:12,2/22/17,15,9:41,2/22/17,AMC
D,2,1,68500.88,11:12,2/20/17,13,11:01,2/20/17,AMC
C,1,1,68555.93,10:32,2/22/17,15,9:41,2/22/17,AMC
F,1,1,68578.86,11:17,2/20/17,13,11:01,2/20/17,AMC
C,1,3,68615.78,11:29,2/8/17,1,11:22,2/8/17,AMC
B,1,2,68722.18,12:10,2/22/17,15,9:41,2/22/17,AMC
D,1,3,68747.21,12:05,2/20/17,13,11:01,2/20/17,AMC
E,2,1,68752.28,10:34,2/22/17,15,9:41,2/22/17,AMC
B,1,3,68771.57,11:27,2/8/17,1,11:22,2/8/17,AMC
A,1,1,68772.2,9:41,2/22/17,15,9:41,2/22/17,AMC
B,2,3,68790.46,10:01,2/15/17,8,9:58,2/15/17,AMC
D,1,1,68812.71,10:04,2/15/17,8,9:58,2/15/17,AMC
B,2,1,68827.85,11:05,2/20/17,13,11:01,2/20/17,AMC
F,1,3,68828.65,12:36,2/8/17,1,11:22,2/8/17,AMC
D,1,3,68862.98,11:40,2/20/17,13,11:01,2/20/17,AMC
B,1,3,68868.65,10:00,2/15/17,8,9:58,2/15/17,AMC
E,2,2,68880,10:49,2/13/17,6,10:08,2/13/17,AMC
D,1,2,68883.35,12:14,2/22/17,15,9:41,2/22/17,AMC
A,1,3,68921.89,10:45,2/9/17,2,10:44,2/9/17,AMC
B,2,2,69003.66,10:01,2/15/17,8,9:58,2/15/17,AMC
D,1,2,69024.21,11:13,2/20/17,13,11:01,2/20/17,AMC
D,1,1,69084.89,12:12,2/13/17,6,10:08,2/13/17,AMC
F,1,2,69106.96,13:18,2/8/17,1,11:22,2/8/17,AMC
E,1,1,69109.78,10:07,2/15/17,8,9:58,2/15/17,AMC
E,1,3,69125.18,12:31,2/22/17,15,9:41,2/22/17,AMC
A,1,3,69414.74,11:03,2/20/17,13,11:01,2/20/17,AMC
E,1,1,69427.28,10:48,2/13/17,6,10:08,2/13/17,AMC
C,1,2,69558.31,13:08,2/20/17,13,11:01,2/20/17,AMC
C,2,3,69708.4,11:18,2/13/17,6,10:08,2/13/17,AMC
A,1,3,69775.41,9:42,2/22/17,15,9:41,2/22/17,AMC
B,2,2,69789.18,10:43,2/13/17,6,10:08,2/13/17,AMC
E,2,2,69907.21,10:08,2/15/17,8,9:58,2/15/17,AMC
D,1,1,74377.69,11:41,2/10/17,3,11:32,2/10/17,AMC
F,1,3,69938.35,13:18,2/8/17,1,11:22,2/8/17,AMC
B,2,2,69974.2,11:06,2/20/17,13,11:01,2/20/17,AMC
F,2,3,69981.21,11:00,2/9/17,2,10:44,2/9/17,AMC
C,1,1,70049.78,10:02,2/15/17,8,9:58,2/15/17,AMC
C,2,1,70141.7,10:32,2/22/17,15,9:41,2/22/17,AMC
E,1,3,70165.41,11:23,2/15/17,8,9:58,2/15/17,AMC
F,1,3,70178.82,10:09,2/15/17,8,9:58,2/15/17,AMC
D,2,2,70180.19,10:05,2/15/17,8,9:58,2/15/17,AMC
C,1,3,70195.8,10:02,2/15/17,8,9:58,2/15/17,AMC
C,2,1,70259.87,10:50,2/9/17,2,10:44,2/9/17,AMC
D,1,2,70262,10:47,2/13/17,6,10:08,2/13/17,AMC
D,1,2,70264.8,10:41,2/15/17,8,9:58,2/15/17,AMC
E,1,1,70297.75,12:30,2/22/17,15,9:41,2/22/17,AMC
E,1,1,70380.21,10:43,2/15/17,8,9:58,2/15/17,AMC
D,1,1,70420.58,11:39,2/20/17,13,11:01,2/20/17,AMC
D,1,1,70434.03,10:41,2/15/17,8,9:58,2/15/17,AMC
B,1,2,70486.28,13:06,2/20/17,13,11:01,2/20/17,AMC
B,1,3,70512.12,10:38,2/15/17,8,9:58,2/15/17,AMC
D,2,3,70518.86,11:14,2/20/17,13,11:01,2/20/17,AMC
C,1,2,70536.57,11:29,2/8/17,1,11:22,2/8/17,AMC
E,1,1,70557.05,11:44,2/10/17,3,11:32,2/10/17,AMC
D,1,1,70638.74,12:05,2/20/17,13,11:01,2/20/17,AMC
C,1,3,70648.24,10:45,2/13/17,6,10:08,2/13/17,AMC
A,1,2,70654.15,9:42,2/22/17,15,9:41,2/22/17,AMC
E,3,1,70664.25,13:37,2/10/17,3,11:32,2/10/17,AMC
D,2,2,70692.57,11:13,2/20/17,13,11:01,2/20/17,AMC
B,1,1,70701.62,12:22,2/22/17,15,9:41,2/22/17,AMC
E,1,2,70727.2,13:10,2/20/17,13,11:01,2/20/17,AMC
E,2,1,70730.22,11:41,2/20/17,13,11:01,2/20/17,AMC
E,2,3,70740.47,10:08,2/15/17,8,9:58,2/15/17,AMC
C,2,2,70773.03,11:10,2/20/17,13,11:01,2/20/17,AMC
E,1,2,70777.07,11:23,2/15/17,8,9:58,2/15/17,AMC
B,1,3,70794.88,12:10,2/22/17,15,9:41,2/22/17,AMC
D,1,2,70802.71,12:05,2/20/17,13,11:01,2/20/17,AMC
F,1,2,70832,11:24,2/13/17,6,10:08,2/13/17,AMC
D,2,1,70849.94,10:05,2/15/17,8,9:58,2/15/17,AMC
E,1,1,70870.1,11:15,2/20/17,13,11:01,2/20/17,AMC
D,2,3,70918.14,10:34,2/22/17,15,9:41,2/22/17,AMC
C,1,1,70920.85,11:28,2/8/17,1,11:22,2/8/17,AMC
B,2,3,70954.26,11:07,2/20/17,13,11:01,2/20/17,AMC
C,1,3,70972.22,12:12,2/22/17,15,9:41,2/22/17,AMC
C,2,3,70996.02,11:11,2/20/17,13,11:01,2/20/17,AMC
D,2,1,71063.34,10:33,2/22/17,15,9:41,2/22/17,AMC
C,2,1,71113.84,11:37,2/20/17,13,11:01,2/20/17,AMC
C,1,1,71264.73,11:52,2/9/17,2,10:44,2/9/17,AMC
C,2,1,71331.51,10:03,2/15/17,8,9:58,2/15/17,AMC
E,1,3,71359.85,13:11,2/20/17,13,11:01,2/20/17,AMC
D,1,2,71425.96,11:39,2/20/17,13,11:01,2/20/17,AMC
C,1,1,71452.07,12:11,2/22/17,15,9:41,2/22/17,AMC
C,1,2,71502.31,12:25,2/22/17,15,9:41,2/22/17,AMC
C,2,3,71514.99,10:33,2/22/17,15,9:41,2/22/17,AMC
C,2,2,71525.46,10:45,2/13/17,6,10:08,2/13/17,AMC
F,1,3,71541.14,10:35,2/22/17,15,9:41,2/22/17,AMC
B,2,3,71544.81,10:44,2/13/17,6,10:08,2/13/17,AMC
C,1,1,71643.56,10:44,2/13/17,6,10:08,2/13/17,AMC
B,1,2,71679.44,11:35,2/10/17,3,11:32,2/10/17,AMC
B,1,2,71717.03,12:23,2/22/17,15,9:41,2/22/17,AMC
D,1,2,71953.11,12:28,2/22/17,15,9:41,2/22/17,AMC
E,2,1,71953.39,10:07,2/15/17,8,9:58,2/15/17,AMC
A,2,3,314950.9,12:08,2/13/17,6,10:08,2/13/17,AMC
D,2,3,72115.46,10:06,2/15/17,8,9:58,2/15/17,AMC
E,1,1,72157.66,12:06,2/20/17,13,11:01,2/20/17,AMC
C,2,3,72195.07,11:30,2/8/17,1,11:22,2/8/17,AMC
D,1,1,72196.99,12:13,2/22/17,15,9:41,2/22/17,AMC
C,1,2,72202.92,10:02,2/15/17,8,9:58,2/15/17,AMC
C,2,2,72222.71,10:03,2/15/17,8,9:58,2/15/17,AMC
D,2,2,72223.11,10:47,2/13/17,6,10:08,2/13/17,AMC
B,1,1,72318.73,11:26,2/8/17,1,11:22,2/8/17,AMC
E,1,1,72380.62,11:41,2/20/17,13,11:01,2/20/17,AMC
E,2,1,72416.23,12:06,2/20/17,13,11:01,2/20/17,AMC
C,2,2,72464.21,10:32,2/22/17,15,9:41,2/22/17,AMC
B,1,3,72796.12,13:07,2/20/17,13,11:01,2/20/17,AMC
B,1,2,72820.01,11:26,2/8/17,1,11:22,2/8/17,AMC
F,1,3,72844.85,11:46,2/20/17,13,11:01,2/20/17,AMC
D,1,3,72859.04,12:14,2/22/17,15,9:41,2/22/17,AMC
E,2,3,72926.33,10:57,2/9/17,2,10:44,2/9/17,AMC
D,1,3,72973.6,10:05,2/15/17,8,9:58,2/15/17,AMC
B,2,3,73027.79,11:27,2/8/17,1,11:22,2/8/17,AMC
B,1,1,73057.73,10:00,2/15/17,8,9:58,2/15/17,AMC
C,2,3,73070.92,11:39,2/10/17,3,11:32,2/10/17,AMC
A,1,2,73111.79,11:02,2/20/17,13,11:01,2/20/17,AMC
E,2,2,73308.7,11:45,2/10/17,3,11:32,2/10/17,AMC
B,2,1,73315.85,10:48,2/9/17,2,10:44,2/9/17,AMC
E,2,3,73340.93,11:43,2/20/17,13,11:01,2/20/17,AMC
B,2,1,73347.69,10:38,2/15/17,8,9:58,2/15/17,AMC
B,2,1,73376.63,10:31,2/22/17,15,9:41,2/22/17,AMC
B,1,2,73378.88,10:00,2/15/17,8,9:58,2/15/17,AMC
C,1,1,73422.71,11:37,2/10/17,3,11:32,2/10/17,AMC
F,2,2,73481.64,10:20,2/13/17,6,10:08,2/13/17,AMC
B,1,1,73540.62,10:42,2/13/17,6,10:08,2/13/17,AMC
D,1,2,73613.85,11:31,2/8/17,1,11:22,2/8/17,AMC
F,2,1,73646.59,12:34,2/10/17,3,11:32,2/10/17,AMC
B,1,2,73647.5,12:09,2/13/17,6,10:08,2/13/17,AMC
E,2,2,73723.38,12:16,2/22/17,15,9:41,2/22/17,AMC
D,2,3,73777.92,10:48,2/13/17,6,10:08,2/13/17,AMC
C,1,1,73807.8,10:39,2/15/17,8,9:58,2/15/17,AMC
C,1,1,73811.96,12:24,2/22/17,15,9:41,2/22/17,AMC
B,1,3,73843.22,11:15,2/15/17,8,9:58,2/15/17,AMC
E,2,2,73899.04,11:42,2/20/17,13,11:01,2/20/17,AMC
B,1,1,73900.58,13:06,2/20/17,13,11:01,2/20/17,AMC
D,1,3,74036.66,11:31,2/8/17,1,11:22,2/8/17,AMC
F,1,2,74091.3,10:09,2/15/17,8,9:58,2/15/17,AMC
D,1,1,74104.2,11:31,2/8/17,1,11:22,2/8/17,AMC
A,2,2,284071.81,12:07,2/13/17,6,10:08,2/13/17,AMC
D,3,1,82033.25,13:13,2/10/17,3,11:32,2/10/17,AMC
C,2,1,74133.73,12:04,2/20/17,13,11:01,2/20/17,AMC
E,1,3,74208.11,12:23,2/15/17,8,9:58,2/15/17,AMC
F,1,1,74258.42,12:07,2/20/17,13,11:01,2/20/17,AMC
C,1,3,74311.14,12:26,2/22/17,15,9:41,2/22/17,AMC
D,1,3,74341.25,12:12,2/13/17,6,10:08,2/13/17,AMC
D,1,1,74366.85,11:20,2/15/17,8,9:58,2/15/17,AMC
D,2,1,84007.21,11:42,2/10/17,3,11:32,2/10/17,AMC
D,1,1,74407,12:26,2/22/17,15,9:41,2/22/17,AMC
E,2,1,74530.5,10:56,2/9/17,2,10:44,2/9/17,AMC
E,2,3,74633.32,12:17,2/22/17,15,9:41,2/22/17,AMC
C,2,3,74677.64,10:51,2/9/17,2,10:44,2/9/17,AMC
D,2,1,74734.31,10:47,2/13/17,6,10:08,2/13/17,AMC
D,1,3,74757.93,13:09,2/20/17,13,11:01,2/20/17,AMC
A,1,1,74759.73,11:01,2/20/17,13,11:01,2/20/17,AMC
D,2,1,74806.04,11:39,2/20/17,13,11:01,2/20/17,AMC
A,1,2,74840.96,11:23,2/8/17,1,11:22,2/8/17,AMC
D,2,3,74858.69,10:54,2/9/17,2,10:44,2/9/17,AMC
B,1,3,74860,12:23,2/22/17,15,9:41,2/22/17,AMC
E,1,3,74878.26,11:33,2/8/17,1,11:22,2/8/17,AMC
D,1,2,74905.3,11:20,2/15/17,8,9:58,2/15/17,AMC
F,1,2,74907.25,11:18,2/20/17,13,11:01,2/20/17,AMC
E,1,2,74954.21,11:44,2/10/17,3,11:32,2/10/17,AMC
B,1,1,75012.93,10:37,2/15/17,8,9:58,2/15/17,AMC
B,1,2,75087.92,10:38,2/15/17,8,9:58,2/15/17,AMC
F,1,1,75088.85,10:35,2/22/17,15,9:41,2/22/17,AMC
D,1,3,75115.19,10:41,2/15/17,8,9:58,2/15/17,AMC
D,1,2,75175.63,13:09,2/20/17,13,11:01,2/20/17,AMC
D,1,1,75227.57,13:09,2/20/17,13,11:01,2/20/17,AMC
E,1,1,75243.18,11:33,2/8/17,1,11:22,2/8/17,AMC
B,1,3,75301.85,12:09,2/13/17,6,10:08,2/13/17,AMC
E,1,2,75338.25,12:23,2/15/17,8,9:58,2/15/17,AMC
F,2,3,75481.65,9:50,2/22/17,15,9:41,2/22/17,AMC
E,1,2,75588.33,11:33,2/8/17,1,11:22,2/8/17,AMC
B,1,3,75589.39,11:35,2/10/17,3,11:32,2/10/17,AMC
C,1,2,75608.26,10:39,2/15/17,8,9:58,2/15/17,AMC
D,2,2,75671.07,12:14,2/22/17,15,9:41,2/22/17,AMC
F,1,3,75678.32,12:07,2/20/17,13,11:01,2/20/17,AMC
E,1,1,75759.18,11:23,2/15/17,8,9:58,2/15/17,AMC
E,2,3,75770.46,12:06,2/20/17,13,11:01,2/20/17,AMC
D,2,2,75795.08,10:53,2/9/17,2,10:44,2/9/17,AMC
E,2,3,75961.75,11:23,2/13/17,6,10:08,2/13/17,AMC
A,2,1,276258.34,12:07,2/13/17,6,10:08,2/13/17,AMC
A,3,3,215770,11:14,2/13/17,6,10:08,2/13/17,AMC
A,2,3,207626.6,11:13,2/13/17,6,10:08,2/13/17,AMC
B,2,2,76383.46,10:38,2/15/17,8,9:58,2/15/17,AMC
C,1,1,76422.42,11:17,2/13/17,6,10:08,2/13/17,AMC
C,1,3,76492.64,11:17,2/13/17,6,10:08,2/13/17,AMC
F,2,3,76496.82,10:52,2/13/17,6,10:08,2/13/17,AMC
D,1,3,76498.62,11:54,2/9/17,2,10:44,2/9/17,AMC
C,2,3,76569.97,10:40,2/15/17,8,9:58,2/15/17,AMC
F,1,3,76655.92,10:45,2/15/17,8,9:58,2/15/17,AMC
C,1,3,76682.78,11:18,2/15/17,8,9:58,2/15/17,AMC
D,1,3,76697.52,12:29,2/22/17,15,9:41,2/22/17,AMC
F,1,3,76719.78,11:47,2/10/17,3,11:32,2/10/17,AMC
A,2,1,76729.31,11:01,2/20/17,13,11:01,2/20/17,AMC
C,1,2,76833.88,11:52,2/9/17,2,10:44,2/9/17,AMC
C,1,2,76903.91,11:38,2/10/17,3,11:32,2/10/17,AMC
E,2,1,76948.78,11:45,2/10/17,3,11:32,2/10/17,AMC
F,1,1,77125.96,10:20,2/13/17,6,10:08,2/13/17,AMC
E,1,1,77152.26,11:56,2/9/17,2,10:44,2/9/17,AMC
E,2,2,77199.09,12:06,2/20/17,13,11:01,2/20/17,AMC
A,1,3,77295.75,11:23,2/8/17,1,11:22,2/8/17,AMC
E,1,1,77385.13,13:10,2/20/17,13,11:01,2/20/17,AMC
A,2,3,77486.53,11:03,2/20/17,13,11:01,2/20/17,AMC
D,2,2,77545.04,11:39,2/20/17,13,11:01,2/20/17,AMC
F,1,3,77721.07,11:59,2/9/17,2,10:44,2/9/17,AMC
D,2,1,77826.34,12:05,2/20/17,13,11:01,2/20/17,AMC
B,1,3,77829.92,12:19,2/15/17,8,9:58,2/15/17,AMC
B,2,1,77862.76,11:15,2/13/17,6,10:08,2/13/17,AMC
D,1,2,77922.85,11:19,2/13/17,6,10:08,2/13/17,AMC
C,2,2,77969.46,11:39,2/10/17,3,11:32,2/10/17,AMC
D,2,3,77995.21,11:40,2/20/17,13,11:01,2/20/17,AMC
F,2,1,78059.7,9:49,2/22/17,15,9:41,2/22/17,AMC
B,2,1,78112.61,11:27,2/8/17,1,11:22,2/8/17,AMC
B,1,2,78192,11:15,2/15/17,8,9:58,2/15/17,AMC
A,1,1,78238.27,11:22,2/8/17,1,11:22,2/8/17,AMC
B,1,1,78300.64,11:34,2/10/17,3,11:32,2/10/17,AMC
C,2,2,78391.54,11:38,2/20/17,13,11:01,2/20/17,AMC
A,2,2,78392.75,11:02,2/20/17,13,11:01,2/20/17,AMC
B,1,1,78405.31,11:14,2/15/17,8,9:58,2/15/17,AMC
B,2,1,78418.78,11:36,2/20/17,13,11:01,2/20/17,AMC
C,1,3,78469.45,12:03,2/8/17,1,11:22,2/8/17,AMC
D,2,3,78626.22,11:32,2/8/17,1,11:22,2/8/17,AMC
B,2,3,78688.6,10:38,2/15/17,8,9:58,2/15/17,AMC
D,1,1,78715.68,12:22,2/15/17,8,9:58,2/15/17,AMC
F,2,3,78877.71,10:10,2/15/17,8,9:58,2/15/17,AMC
E,2,3,78924.75,10:44,2/15/17,8,9:58,2/15/17,AMC
E,2,3,78998.14,11:45,2/10/17,3,11:32,2/10/17,AMC
C,1,1,79001.72,11:17,2/15/17,8,9:58,2/15/17,AMC
E,2,2,79248.81,10:44,2/15/17,8,9:58,2/15/17,AMC
B,1,3,79338.85,12:00,2/8/17,1,11:22,2/8/17,AMC
D,2,1,79340.68,10:42,2/15/17,8,9:58,2/15/17,AMC
B,2,2,79555.11,11:15,2/13/17,6,10:08,2/13/17,AMC
A,2,2,79562.2,11:24,2/8/17,1,11:22,2/8/17,AMC
E,1,1,79852.68,11:21,2/13/17,6,10:08,2/13/17,AMC
D,2,2,79859.5,12:05,2/20/17,13,11:01,2/20/17,AMC
E,1,1,79896.68,12:31,2/10/17,3,11:32,2/10/17,AMC
D,2,2,79917.66,11:32,2/8/17,1,11:22,2/8/17,AMC
E,2,1,79931.34,11:22,2/13/17,6,10:08,2/13/17,AMC
D,1,2,79949.64,11:54,2/9/17,2,10:44,2/9/17,AMC
D,2,1,79991.85,11:32,2/8/17,1,11:22,2/8/17,AMC
A,1,1,80003.41,9:58,2/15/17,8,9:58,2/15/17,AMC
F,1,2,80127.16,10:35,2/22/17,15,9:41,2/22/17,AMC
E,2,1,80190.89,12:15,2/22/17,15,9:41,2/22/17,AMC
F,2,1,80313.64,13:16,2/10/17,3,11:32,2/10/17,AMC
E,1,1,80337.07,12:23,2/15/17,8,9:58,2/15/17,AMC
E,2,2,80399.04,11:23,2/13/17,6,10:08,2/13/17,AMC
C,2,1,80439.82,10:45,2/13/17,6,10:08,2/13/17,AMC
C,1,2,80543.06,11:17,2/15/17,8,9:58,2/15/17,AMC
D,1,3,80586.98,11:20,2/15/17,8,9:58,2/15/17,AMC
F,1,2,80589.2,12:16,2/13/17,6,10:08,2/13/17,AMC
C,2,3,80668.54,11:38,2/20/17,13,11:01,2/20/17,AMC
A,2,1,80678.82,11:23,2/8/17,1,11:22,2/8/17,AMC
D,1,2,80812.64,12:22,2/15/17,8,9:58,2/15/17,AMC
C,3,1,81006.18,12:28,2/10/17,3,11:32,2/10/17,AMC
C,1,3,81148.75,12:21,2/15/17,8,9:58,2/15/17,AMC
E,2,1,81163.5,10:43,2/15/17,8,9:58,2/15/17,AMC
C,2,1,81289.6,11:29,2/8/17,1,11:22,2/8/17,AMC
C,1,2,81392.32,12:02,2/8/17,1,11:22,2/8/17,AMC
B,2,2,81418.68,11:36,2/20/17,13,11:01,2/20/17,AMC
E,1,3,81434.88,11:56,2/9/17,2,10:44,2/9/17,AMC
C,2,2,81497.55,11:30,2/8/17,1,11:22,2/8/17,AMC
B,1,1,81566.98,11:14,2/13/17,6,10:08,2/13/17,AMC
B,2,2,81735.72,11:27,2/8/17,1,11:22,2/8/17,AMC
D,1,1,86660.52,12:29,2/10/17,3,11:32,2/10/17,AMC
F,2,3,82036.78,11:48,2/10/17,3,11:32,2/10/17,AMC
C,2,1,82118.71,12:11,2/22/17,15,9:41,2/22/17,AMC
F,3,3,82159.91,12:36,2/10/17,3,11:32,2/10/17,AMC
C,1,1,82198.75,12:02,2/8/17,1,11:22,2/8/17,AMC
A,1,2,82316.19,9:58,2/15/17,8,9:58,2/15/17,AMC
B,2,3,82357.6,11:15,2/13/17,6,10:08,2/13/17,AMC
E,2,2,82376.82,11:34,2/8/17,1,11:22,2/8/17,AMC
B,1,1,82513.93,12:00,2/8/17,1,11:22,2/8/17,AMC
D,1,2,82615.61,12:12,2/13/17,6,10:08,2/13/17,AMC
D,2,2,82679.6,10:42,2/15/17,8,9:58,2/15/17,AMC
F,2,3,82699.93,12:35,2/10/17,3,11:32,2/10/17,AMC
C,1,3,82738.69,12:10,2/13/17,6,10:08,2/13/17,AMC
A,2,2,82743.5,9:42,2/22/17,15,9:41,2/22/17,AMC
F,1,2,82753,10:45,2/15/17,8,9:58,2/15/17,AMC
F,3,3,82755.18,11:49,2/10/17,3,11:32,2/10/17,AMC
D,2,1,82797.16,12:13,2/22/17,15,9:41,2/22/17,AMC
D,2,3,82834.6,12:05,2/20/17,13,11:01,2/20/17,AMC
C,2,2,82852.4,12:04,2/20/17,13,11:01,2/20/17,AMC
F,2,3,82898.5,13:39,2/10/17,3,11:32,2/10/17,AMC
E,2,3,82913.95,12:31,2/22/17,15,9:41,2/22/17,AMC
C,1,3,82965.48,10:40,2/15/17,8,9:58,2/15/17,AMC
B,2,2,83224.78,10:31,2/22/17,15,9:41,2/22/17,AMC
B,2,1,83237.03,11:15,2/15/17,8,9:58,2/15/17,AMC
A,1,1,83244.13,11:32,2/10/17,3,11:32,2/10/17,AMC
C,2,2,83311.12,11:18,2/13/17,6,10:08,2/13/17,AMC
B,1,2,83336.89,12:19,2/15/17,8,9:58,2/15/17,AMC
E,2,3,83379.7,11:34,2/8/17,1,11:22,2/8/17,AMC
B,1,1,83412,11:49,2/9/17,2,10:44,2/9/17,AMC
D,1,1,83480.88,11:54,2/9/17,2,10:44,2/9/17,AMC
E,2,2,83485.31,12:30,2/22/17,15,9:41,2/22/17,AMC
F,2,3,83553.43,13:17,2/10/17,3,11:32,2/10/17,AMC
C,2,1,83582.34,10:40,2/15/17,8,9:58,2/15/17,AMC
D,2,2,83622.65,12:28,2/22/17,15,9:41,2/22/17,AMC
D,2,3,83624.13,12:15,2/22/17,15,9:41,2/22/17,AMC
D,1,2,83663.82,12:05,2/8/17,1,11:22,2/8/17,AMC
A,1,3,83761.03,9:58,2/15/17,8,9:58,2/15/17,AMC
D,1,3,83855.38,12:05,2/8/17,1,11:22,2/8/17,AMC
D,2,1,87972.9,12:30,2/10/17,3,11:32,2/10/17,AMC
F,3,2,84023.18,11:49,2/10/17,3,11:32,2/10/17,AMC
D,1,1,84081.93,12:05,2/8/17,1,11:22,2/8/17,AMC
B,1,2,84142.93,11:50,2/9/17,2,10:44,2/9/17,AMC
C,2,1,84197.1,13:07,2/20/17,13,11:01,2/20/17,AMC
C,2,2,84337.08,10:40,2/15/17,8,9:58,2/15/17,AMC
B,2,1,84366.53,12:03,2/20/17,13,11:01,2/20/17,AMC
C,1,1,84428.7,12:10,2/13/17,6,10:08,2/13/17,AMC
C,1,1,84513.46,12:21,2/15/17,8,9:58,2/15/17,AMC
E,2,1,84560.63,11:34,2/8/17,1,11:22,2/8/17,AMC
B,1,1,84775.39,12:19,2/15/17,8,9:58,2/15/17,AMC
B,1,3,84841.73,11:50,2/9/17,2,10:44,2/9/17,AMC
D,3,3,84861.23,10:16,2/13/17,6,10:08,2/13/17,AMC
F,1,1,84955.6,11:43,2/20/17,13,11:01,2/20/17,AMC
C,3,2,84957.82,10:14,2/13/17,6,10:08,2/13/17,AMC
F,2,3,84982.25,11:18,2/20/17,13,11:01,2/20/17,AMC
E,2,1,85010.21,13:10,2/20/17,13,11:01,2/20/17,AMC
C,2,2,85054.11,12:12,2/22/17,15,9:41,2/22/17,AMC
F,1,3,85065.68,12:19,2/22/17,15,9:41,2/22/17,AMC
E,2,1,85193.4,12:32,2/10/17,3,11:32,2/10/17,AMC
B,1,2,85301.69,12:00,2/8/17,1,11:22,2/8/17,AMC
E,1,3,85305.06,12:07,2/8/17,1,11:22,2/8/17,AMC
D,2,3,85516.25,10:42,2/15/17,8,9:58,2/15/17,AMC
C,1,2,85591.45,12:21,2/15/17,8,9:58,2/15/17,AMC
F,3,3,85609.21,13:17,2/10/17,3,11:32,2/10/17,AMC
C,2,3,85629.84,12:13,2/22/17,15,9:41,2/22/17,AMC
D,2,2,85735.19,11:20,2/13/17,6,10:08,2/13/17,AMC
C,2,3,85848.08,12:11,2/13/17,6,10:08,2/13/17,AMC
E,1,1,86141.54,12:07,2/8/17,1,11:22,2/8/17,AMC
C,1,1,86250.38,12:27,2/10/17,3,11:32,2/10/17,AMC
F,2,1,86344.71,13:38,2/10/17,3,11:32,2/10/17,AMC
C,2,3,86495.64,12:04,2/20/17,13,11:01,2/20/17,AMC
C,2,1,86630.47,11:39,2/10/17,3,11:32,2/10/17,AMC
D,3,1,88336.77,13:36,2/10/17,3,11:32,2/10/17,AMC
D,2,1,86736.28,11:20,2/13/17,6,10:08,2/13/17,AMC
E,1,2,86742.2,12:07,2/8/17,1,11:22,2/8/17,AMC
B,2,1,86797.71,12:09,2/22/17,15,9:41,2/22/17,AMC
D,1,3,86830.35,12:22,2/15/17,8,9:58,2/15/17,AMC
F,1,3,86880,11:26,2/15/17,8,9:58,2/15/17,AMC
F,1,1,86955.46,10:09,2/15/17,8,9:58,2/15/17,AMC
F,3,3,87426.01,13:39,2/10/17,3,11:32,2/10/17,AMC
F,1,2,87460.51,11:45,2/20/17,13,11:01,2/20/17,AMC
B,2,3,87492.57,10:32,2/22/17,15,9:41,2/22/17,AMC
E,2,3,87596.15,12:15,2/13/17,6,10:08,2/13/17,AMC
C,3,1,87606.64,10:51,2/9/17,2,10:44,2/9/17,AMC
B,2,2,87640.46,11:15,2/15/17,8,9:58,2/15/17,AMC
D,3,1,90349.53,11:43,2/10/17,3,11:32,2/10/17,AMC
B,2,3,87995.31,11:37,2/20/17,13,11:01,2/20/17,AMC
E,1,1,88087.31,12:13,2/13/17,6,10:08,2/13/17,AMC
A,2,3,88087.53,11:24,2/8/17,1,11:22,2/8/17,AMC
A,1,3,88146.07,11:32,2/10/17,3,11:32,2/10/17,AMC
D,1,1,95299.66,13:12,2/10/17,3,11:32,2/10/17,AMC
E,2,3,88341.9,11:24,2/15/17,8,9:58,2/15/17,AMC
B,2,2,88467.3,12:03,2/20/17,13,11:01,2/20/17,AMC
D,1,1,99847.28,13:34,2/10/17,3,11:32,2/10/17,AMC
C,1,3,88482.84,12:30,2/8/17,1,11:22,2/8/17,AMC
D,2,1,101927.77,13:12,2/10/17,3,11:32,2/10/17,AMC
A,2,1,88585.86,9:58,2/15/17,8,9:58,2/15/17,AMC
E,2,1,88750.59,12:30,2/22/17,15,9:41,2/22/17,AMC
E,1,1,88829.83,13:14,2/10/17,3,11:32,2/10/17,AMC
F,1,3,88881.66,13:14,2/20/17,13,11:01,2/20/17,AMC
A,1,2,89013.75,11:32,2/10/17,3,11:32,2/10/17,AMC
A,2,1,89338.93,9:42,2/22/17,15,9:41,2/22/17,AMC
F,1,1,89430.33,12:17,2/22/17,15,9:41,2/22/17,AMC
D,3,3,89688.81,10:48,2/13/17,6,10:08,2/13/17,AMC
F,3,1,89716.12,12:35,2/10/17,3,11:32,2/10/17,AMC
B,2,2,89897.03,11:36,2/10/17,3,11:32,2/10/17,AMC
C,2,1,89964.14,12:24,2/22/17,15,9:41,2/22/17,AMC
B,1,3,89964.83,12:27,2/8/17,1,11:22,2/8/17,AMC
C,2,3,90198.18,11:19,2/15/17,8,9:58,2/15/17,AMC
C,1,2,90205.32,12:29,2/8/17,1,11:22,2/8/17,AMC
A,2,2,90341.07,9:58,2/15/17,8,9:58,2/15/17,AMC
D,2,1,109457.4,13:35,2/10/17,3,11:32,2/10/17,AMC
B,3,2,90390.25,11:37,2/10/17,3,11:32,2/10/17,AMC
C,3,3,90438.07,10:52,2/9/17,2,10:44,2/9/17,AMC
D,2,3,90481.07,11:20,2/13/17,6,10:08,2/13/17,AMC
E,2,3,90870.36,13:11,2/20/17,13,11:01,2/20/17,AMC
D,2,1,90992.91,11:21,2/15/17,8,9:58,2/15/17,AMC
F,3,2,91027.12,12:01,2/9/17,2,10:44,2/9/17,AMC
E,3,2,91044.25,10:57,2/9/17,2,10:44,2/9/17,AMC
B,3,1,91048.39,10:48,2/9/17,2,10:44,2/9/17,AMC
C,3,2,91055.1,10:52,2/9/17,2,10:44,2/9/17,AMC
E,2,2,91314.29,13:11,2/20/17,13,11:01,2/20/17,AMC
F,3,2,91325.52,12:57,2/9/17,2,10:44,2/9/17,AMC
B,1,1,91328.47,12:09,2/13/17,6,10:08,2/13/17,AMC
B,1,1,91350.23,12:27,2/8/17,1,11:22,2/8/17,AMC
C,1,1,91460.64,12:47,2/9/17,2,10:44,2/9/17,AMC
E,2,2,91473.32,11:24,2/15/17,8,9:58,2/15/17,AMC
C,3,2,91557.67,10:46,2/13/17,6,10:08,2/13/17,AMC
D,2,1,91569.94,12:28,2/22/17,15,9:41,2/22/17,AMC
B,2,3,91615.14,11:36,2/10/17,3,11:32,2/10/17,AMC
D,2,1,91737.89,13:09,2/20/17,13,11:01,2/20/17,AMC
F,3,2,91748.35,13:21,2/9/17,2,10:44,2/9/17,AMC
B,2,1,92019,11:35,2/10/17,3,11:32,2/10/17,AMC
E,1,1,92266.56,13:36,2/10/17,3,11:32,2/10/17,AMC
D,2,2,92288.36,13:09,2/20/17,13,11:01,2/20/17,AMC
E,3,1,92423.55,11:46,2/10/17,3,11:32,2/10/17,AMC
C,2,2,92576.89,12:25,2/22/17,15,9:41,2/22/17,AMC
F,3,2,92662.14,11:01,2/9/17,2,10:44,2/9/17,AMC
B,2,3,92723.05,11:16,2/15/17,8,9:58,2/15/17,AMC
E,3,3,92848.91,11:46,2/10/17,3,11:32,2/10/17,AMC
C,3,3,92949.39,10:14,2/13/17,6,10:08,2/13/17,AMC
A,2,3,93132.68,9:59,2/15/17,8,9:58,2/15/17,AMC
E,2,2,93364.96,12:14,2/13/17,6,10:08,2/13/17,AMC
D,3,3,93389.56,10:55,2/9/17,2,10:44,2/9/17,AMC
A,2,2,93419.12,10:45,2/9/17,2,10:44,2/9/17,AMC
D,1,2,93463.26,12:32,2/8/17,1,11:22,2/8/17,AMC
F,1,2,93465.44,12:07,2/20/17,13,11:01,2/20/17,AMC
F,3,1,93616.6,12:00,2/9/17,2,10:44,2/9/17,AMC
B,3,1,93694.07,9:43,2/22/17,15,9:41,2/22/17,AMC
D,3,1,93752.9,10:54,2/9/17,2,10:44,2/9/17,AMC
B,2,1,93819.28,12:25,2/10/17,3,11:32,2/10/17,AMC
D,1,1,93862.93,12:31,2/8/17,1,11:22,2/8/17,AMC
C,2,1,94080.68,12:28,2/10/17,3,11:32,2/10/17,AMC
F,1,3,94254.12,12:56,2/9/17,2,10:44,2/9/17,AMC
A,2,3,94313.71,10:46,2/9/17,2,10:44,2/9/17,AMC
D,2,3,94330.18,12:29,2/22/17,15,9:41,2/22/17,AMC
F,3,3,94390.2,11:02,2/9/17,2,10:44,2/9/17,AMC
C,2,1,94698.87,11:18,2/15/17,8,9:58,2/15/17,AMC
A,1,3,206813.93,12:07,2/13/17,6,10:08,2/13/17,AMC
F,2,3,94815.62,11:26,2/13/17,6,10:08,2/13/17,AMC
D,3,2,94824.61,9:47,2/22/17,15,9:41,2/22/17,AMC
F,1,2,94953,11:26,2/15/17,8,9:58,2/15/17,AMC
F,3,1,94969.6,13:20,2/9/17,2,10:44,2/9/17,AMC
F,3,3,95130.96,10:22,2/13/17,6,10:08,2/13/17,AMC
F,3,3,95222.74,10:52,2/13/17,6,10:08,2/13/17,AMC
F,3,1,95251.36,12:57,2/9/17,2,10:44,2/9/17,AMC
C,3,1,95269.87,11:30,2/8/17,1,11:22,2/8/17,AMC
B,1,1,95293.75,12:25,2/10/17,3,11:32,2/10/17,AMC
D,1,2,74128.74,11:41,2/10/17,3,11:32,2/10/17,AMC
D,1,3,95355.68,12:32,2/8/17,1,11:22,2/8/17,AMC
F,3,1,95517.84,11:48,2/10/17,3,11:32,2/10/17,AMC
E,2,1,95523.46,13:15,2/10/17,3,11:32,2/10/17,AMC
F,3,1,95566.85,11:01,2/9/17,2,10:44,2/9/17,AMC
B,3,3,95576.14,11:37,2/10/17,3,11:32,2/10/17,AMC
E,2,1,95630.53,12:14,2/13/17,6,10:08,2/13/17,AMC
E,2,1,95642.89,11:23,2/15/17,8,9:58,2/15/17,AMC
C,2,1,95656.6,11:18,2/13/17,6,10:08,2/13/17,AMC
B,2,1,95673.17,12:09,2/13/17,6,10:08,2/13/17,AMC
F,3,1,95826.97,12:37,2/8/17,1,11:22,2/8/17,AMC
F,3,1,95967.87,12:11,2/8/17,1,11:22,2/8/17,AMC
D,3,2,96093.89,10:16,2/13/17,6,10:08,2/13/17,AMC
E,1,3,96108,12:34,2/8/17,1,11:22,2/8/17,AMC
B,1,2,96111.52,12:27,2/8/17,1,11:22,2/8/17,AMC
C,3,2,96210.02,11:40,2/10/17,3,11:32,2/10/17,AMC
C,2,3,96310.59,12:26,2/22/17,15,9:41,2/22/17,AMC
F,3,1,96327.31,11:37,2/8/17,1,11:22,2/8/17,AMC
E,1,1,96390.3,12:34,2/8/17,1,11:22,2/8/17,AMC
B,2,2,96411.11,12:09,2/13/17,6,10:08,2/13/17,AMC
E,3,3,96504.46,10:57,2/9/17,2,10:44,2/9/17,AMC
B,3,1,96505.53,12:26,2/10/17,3,11:32,2/10/17,AMC
F,3,1,96595.78,10:10,2/15/17,8,9:58,2/15/17,AMC
C,3,1,96651.14,11:40,2/10/17,3,11:32,2/10/17,AMC
E,1,2,96818.86,12:34,2/8/17,1,11:22,2/8/17,AMC
D,2,2,96860.15,11:21,2/15/17,8,9:58,2/15/17,AMC
F,1,3,96907.18,12:34,2/10/17,3,11:32,2/10/17,AMC
F,3,1,96941,13:19,2/8/17,1,11:22,2/8/17,AMC
D,3,2,97123.25,10:33,2/22/17,15,9:41,2/22/17,AMC
A,3,1,97250.17,10:46,2/9/17,2,10:44,2/9/17,AMC
B,3,1,97257.6,11:51,2/9/17,2,10:44,2/9/17,AMC
F,1,3,97511.57,12:33,2/22/17,15,9:41,2/22/17,AMC
C,3,2,97702.75,11:30,2/8/17,1,11:22,2/8/17,AMC
F,2,2,97718.95,12:35,2/10/17,3,11:32,2/10/17,AMC
B,2,1,97721.26,12:19,2/15/17,8,9:58,2/15/17,AMC
E,1,3,97963.84,12:54,2/9/17,2,10:44,2/9/17,AMC
E,1,1,98001.6,12:53,2/9/17,2,10:44,2/9/17,AMC
B,3,2,98061.63,11:06,2/20/17,13,11:01,2/20/17,AMC
B,3,2,98100.27,10:49,2/9/17,2,10:44,2/9/17,AMC
F,3,3,98160.37,11:27,2/13/17,6,10:08,2/13/17,AMC
B,3,2,98204.31,10:12,2/13/17,6,10:08,2/13/17,AMC
E,2,1,98224.09,13:37,2/10/17,3,11:32,2/10/17,AMC
A,3,3,98256.82,11:25,2/8/17,1,11:22,2/8/17,AMC
C,3,1,98399.85,13:11,2/10/17,3,11:32,2/10/17,AMC
F,3,1,98440.33,10:21,2/13/17,6,10:08,2/13/17,AMC
C,2,2,98474.57,13:08,2/20/17,13,11:01,2/20/17,AMC
F,1,1,98716.35,12:34,2/10/17,3,11:32,2/10/17,AMC
B,2,1,98723.44,12:22,2/22/17,15,9:41,2/22/17,AMC
A,3,3,98748.29,10:47,2/9/17,2,10:44,2/9/17,AMC
A,3,2,98834.78,10:46,2/9/17,2,10:44,2/9/17,AMC
C,2,2,98859.21,11:18,2/15/17,8,9:58,2/15/17,AMC
B,3,3,98950.68,10:49,2/9/17,2,10:44,2/9/17,AMC
D,1,3,99352.78,12:51,2/9/17,2,10:44,2/9/17,AMC
F,1,3,99450.03,12:25,2/15/17,8,9:58,2/15/17,AMC
C,3,1,99509.31,11:53,2/9/17,2,10:44,2/9/17,AMC
C,3,1,99568.5,10:13,2/13/17,6,10:08,2/13/17,AMC
E,3,3,99640.37,12:33,2/10/17,3,11:32,2/10/17,AMC
C,3,2,99799.98,11:53,2/9/17,2,10:44,2/9/17,AMC
D,2,2,88570.25,11:42,2/10/17,3,11:32,2/10/17,AMC
D,3,3,99848.4,11:21,2/13/17,6,10:08,2/13/17,AMC
C,1,1,99872.82,13:09,2/10/17,3,11:32,2/10/17,AMC
C,3,1,99899.06,12:04,2/8/17,1,11:22,2/8/17,AMC
C,3,2,99917.06,11:19,2/13/17,6,10:08,2/13/17,AMC
B,3,1,100177.2,10:31,2/22/17,15,9:41,2/22/17,AMC
A,1,1,100203.83,11:34,2/20/17,13,11:01,2/20/17,AMC
F,1,3,100288.45,13:38,2/10/17,3,11:32,2/10/17,AMC
B,2,3,100362.73,12:09,2/13/17,6,10:08,2/13/17,AMC
D,3,3,100373.43,11:15,2/20/17,13,11:01,2/20/17,AMC
B,2,3,100509.34,12:03,2/20/17,13,11:01,2/20/17,AMC
F,1,3,100590.1,13:16,2/10/17,3,11:32,2/10/17,AMC
E,3,3,100626.09,11:35,2/8/17,1,11:22,2/8/17,AMC
D,3,1,100655.98,9:46,2/22/17,15,9:41,2/22/17,AMC
F,1,2,100844.19,12:18,2/22/17,15,9:41,2/22/17,AMC
C,3,3,100960.98,11:54,2/9/17,2,10:44,2/9/17,AMC
D,3,2,114625.6,11:43,2/10/17,3,11:32,2/10/17,AMC
F,1,3,100997.68,13:19,2/9/17,2,10:44,2/9/17,AMC
D,3,3,101094,12:05,2/20/17,13,11:01,2/20/17,AMC
F,3,3,101113.95,12:01,2/9/17,2,10:44,2/9/17,AMC
F,3,3,101189.43,12:38,2/8/17,1,11:22,2/8/17,AMC
D,2,1,101282.5,12:12,2/13/17,6,10:08,2/13/17,AMC
F,3,3,101292.78,12:18,2/13/17,6,10:08,2/13/17,AMC
F,1,1,101355.39,12:31,2/22/17,15,9:41,2/22/17,AMC
F,3,3,101368.1,11:37,2/8/17,1,11:22,2/8/17,AMC
F,3,1,101437.08,10:46,2/15/17,8,9:58,2/15/17,AMC
B,3,1,101440.77,11:28,2/8/17,1,11:22,2/8/17,AMC
F,3,3,101460.91,12:58,2/9/17,2,10:44,2/9/17,AMC
F,3,3,101594.38,12:11,2/8/17,1,11:22,2/8/17,AMC
C,3,3,101635.39,10:46,2/13/17,6,10:08,2/13/17,AMC
F,3,3,101671.2,13:20,2/8/17,1,11:22,2/8/17,AMC
E,3,3,101796.54,11:17,2/20/17,13,11:01,2/20/17,AMC
D,1,2,126446.36,12:29,2/10/17,3,11:32,2/10/17,AMC
C,1,2,101964.85,12:47,2/9/17,2,10:44,2/9/17,AMC
D,3,3,102006.9,11:40,2/20/17,13,11:01,2/20/17,AMC
B,2,1,102011.55,13:06,2/20/17,13,11:01,2/20/17,AMC
D,3,1,102046.2,10:33,2/22/17,15,9:41,2/22/17,AMC
E,3,2,102113.21,11:35,2/8/17,1,11:22,2/8/17,AMC
D,1,2,102211.74,12:50,2/9/17,2,10:44,2/9/17,AMC
F,3,2,102288.93,10:21,2/13/17,6,10:08,2/13/17,AMC
C,3,2,102329.28,12:04,2/8/17,1,11:22,2/8/17,AMC
B,2,2,102359.1,12:10,2/22/17,15,9:41,2/22/17,AMC
D,2,3,102396.89,13:09,2/20/17,13,11:01,2/20/17,AMC
F,3,1,102464,10:52,2/13/17,6,10:08,2/13/17,AMC
A,3,2,205026.67,12:08,2/13/17,6,10:08,2/13/17,AMC
E,3,1,102494.35,10:57,2/9/17,2,10:44,2/9/17,AMC
E,3,1,102523.8,10:18,2/13/17,6,10:08,2/13/17,AMC
F,3,2,102540.93,12:38,2/8/17,1,11:22,2/8/17,AMC
A,3,2,102542.81,11:34,2/10/17,3,11:32,2/10/17,AMC
C,2,2,102615.05,12:11,2/13/17,6,10:08,2/13/17,AMC
F,3,3,102746.18,13:21,2/9/17,2,10:44,2/9/17,AMC
F,3,2,102771.55,12:11,2/8/17,1,11:22,2/8/17,AMC
E,2,3,102773.89,12:24,2/15/17,8,9:58,2/15/17,AMC
D,3,2,102774.92,12:14,2/22/17,15,9:41,2/22/17,AMC
A,2,1,102872.62,10:45,2/9/17,2,10:44,2/9/17,AMC
E,3,2,102939.71,11:57,2/9/17,2,10:44,2/9/17,AMC
F,2,3,103137.17,10:46,2/15/17,8,9:58,2/15/17,AMC
B,3,1,103195.09,10:11,2/13/17,6,10:08,2/13/17,AMC
E,3,3,103235.17,11:43,2/20/17,13,11:01,2/20/17,AMC
F,3,2,103328.03,13:19,2/8/17,1,11:22,2/8/17,AMC
E,3,3,103348.85,12:06,2/20/17,13,11:01,2/20/17,AMC
B,2,2,103356.53,12:19,2/15/17,8,9:58,2/15/17,AMC
D,3,1,103454.59,11:32,2/8/17,1,11:22,2/8/17,AMC
F,3,2,103466.08,11:37,2/8/17,1,11:22,2/8/17,AMC
A,1,3,103541.83,11:35,2/20/17,13,11:01,2/20/17,AMC
F,1,1,103569.78,10:51,2/13/17,6,10:08,2/13/17,AMC
A,1,1,186549.39,12:06,2/13/17,6,10:08,2/13/17,AMC
C,3,1,103689.48,12:31,2/8/17,1,11:22,2/8/17,AMC
D,2,3,103727.83,11:21,2/15/17,8,9:58,2/15/17,AMC
B,3,1,103876.1,10:44,2/13/17,6,10:08,2/13/17,AMC
D,1,1,103896.83,12:50,2/9/17,2,10:44,2/9/17,AMC
D,2,2,103952.68,12:12,2/13/17,6,10:08,2/13/17,AMC
B,3,1,104094.64,10:01,2/15/17,8,9:58,2/15/17,AMC
B,3,2,104239.68,10:44,2/13/17,6,10:08,2/13/17,AMC
E,3,2,104388.68,10:18,2/13/17,6,10:08,2/13/17,AMC
F,3,3,104408.49,12:07,2/20/17,13,11:01,2/20/17,AMC
F,3,2,104492.66,10:52,2/13/17,6,10:08,2/13/17,AMC
A,1,2,104520.03,11:57,2/8/17,1,11:22,2/8/17,AMC
B,3,2,104638.72,11:36,2/20/17,13,11:01,2/20/17,AMC
E,1,3,104659,12:32,2/10/17,3,11:32,2/10/17,AMC
E,3,3,104707.92,11:58,2/9/17,2,10:44,2/9/17,AMC
F,2,2,104763.18,9:49,2/22/17,15,9:41,2/22/17,AMC
C,3,1,104981.04,13:34,2/10/17,3,11:32,2/10/17,AMC
F,3,3,105033.51,11:18,2/20/17,13,11:01,2/20/17,AMC
D,3,2,105119.68,12:29,2/22/17,15,9:41,2/22/17,AMC
C,3,2,105225.19,12:31,2/8/17,1,11:22,2/8/17,AMC
D,1,3,105441.99,13:14,2/9/17,2,10:44,2/9/17,AMC
C,3,1,105490.92,11:09,2/20/17,13,11:01,2/20/17,AMC
E,3,3,105647.95,12:09,2/8/17,1,11:22,2/8/17,AMC
C,1,1,105814.23,13:10,2/9/17,2,10:44,2/9/17,AMC
D,3,1,105898.16,12:05,2/20/17,13,11:01,2/20/17,AMC
D,3,2,106007.7,10:54,2/9/17,2,10:44,2/9/17,AMC
B,3,1,106033.39,10:39,2/15/17,8,9:58,2/15/17,AMC
B,3,1,106049.01,11:05,2/20/17,13,11:01,2/20/17,AMC
E,3,3,106146.07,10:35,2/22/17,15,9:41,2/22/17,AMC
E,3,1,106188.94,10:34,2/22/17,15,9:41,2/22/17,AMC
B,3,3,106303.23,12:27,2/10/17,3,11:32,2/10/17,AMC
C,1,3,106415.68,12:27,2/10/17,3,11:32,2/10/17,AMC
E,3,3,106422.18,9:49,2/22/17,15,9:41,2/22/17,AMC
E,3,1,106558.11,11:34,2/8/17,1,11:22,2/8/17,AMC
E,3,2,106602.71,12:09,2/8/17,1,11:22,2/8/17,AMC
E,2,2,106617.57,12:32,2/10/17,3,11:32,2/10/17,AMC
F,3,1,106792.54,11:26,2/13/17,6,10:08,2/13/17,AMC
E,3,1,106811.29,9:48,2/22/17,15,9:41,2/22/17,AMC
A,2,1,182874.95,11:13,2/13/17,6,10:08,2/13/17,AMC
B,3,1,106917.67,12:46,2/9/17,2,10:44,2/9/17,AMC
B,3,1,106939.39,11:36,2/10/17,3,11:32,2/10/17,AMC
E,3,3,106985.21,13:16,2/10/17,3,11:32,2/10/17,AMC
C,3,3,107024.54,11:11,2/20/17,13,11:01,2/20/17,AMC
F,3,2,107047.1,10:11,2/15/17,8,9:58,2/15/17,AMC
A,3,1,107062.94,11:33,2/10/17,3,11:32,2/10/17,AMC
F,3,1,107103.19,13:17,2/10/17,3,11:32,2/10/17,AMC
A,3,2,107189.29,11:25,2/8/17,1,11:22,2/8/17,AMC
D,3,1,107221.35,11:55,2/9/17,2,10:44,2/9/17,AMC
F,3,3,107346.99,11:48,2/20/17,13,11:01,2/20/17,AMC
D,2,1,107351.87,12:22,2/15/17,8,9:58,2/15/17,AMC
D,3,1,107422.15,12:13,2/22/17,15,9:41,2/22/17,AMC
D,3,1,107465.16,11:12,2/20/17,13,11:01,2/20/17,AMC
A,2,3,107477.54,11:33,2/10/17,3,11:32,2/10/17,AMC
B,3,1,107528.58,12:01,2/8/17,1,11:22,2/8/17,AMC
C,2,3,107546.35,12:28,2/10/17,3,11:32,2/10/17,AMC
B,3,1,107548.89,11:36,2/20/17,13,11:01,2/20/17,AMC
C,2,3,107612.92,13:08,2/20/17,13,11:01,2/20/17,AMC
B,3,1,107750.15,12:03,2/20/17,13,11:01,2/20/17,AMC
C,1,3,107780.57,12:48,2/9/17,2,10:44,2/9/17,AMC
C,3,1,107790.21,10:46,2/13/17,6,10:08,2/13/17,AMC
F,2,2,107794.64,10:10,2/15/17,8,9:58,2/15/17,AMC
B,3,2,107862.44,11:28,2/8/17,1,11:22,2/8/17,AMC
E,3,3,107871.57,13:11,2/20/17,13,11:01,2/20/17,AMC
D,2,2,141255.84,12:30,2/10/17,3,11:32,2/10/17,AMC
A,1,3,107969.48,11:58,2/8/17,1,11:22,2/8/17,AMC
F,3,1,107975,11:27,2/15/17,8,9:58,2/15/17,AMC
D,3,1,108085.73,11:39,2/20/17,13,11:01,2/20/17,AMC
F,1,2,108176.85,12:24,2/15/17,8,9:58,2/15/17,AMC
E,1,1,108263.07,13:16,2/9/17,2,10:44,2/9/17,AMC
B,3,2,108303.69,12:03,2/20/17,13,11:01,2/20/17,AMC
C,3,3,108318.82,9:46,2/22/17,15,9:41,2/22/17,AMC
E,1,2,108370.46,12:32,2/10/17,3,11:32,2/10/17,AMC
D,3,3,108408.67,11:55,2/9/17,2,10:44,2/9/17,AMC
D,3,1,108414.49,12:28,2/22/17,15,9:41,2/22/17,AMC
B,2,3,108456.44,13:08,2/10/17,3,11:32,2/10/17,AMC
D,3,3,108459.1,13:10,2/20/17,13,11:01,2/20/17,AMC
F,3,2,108548.48,10:46,2/15/17,8,9:58,2/15/17,AMC
B,3,3,108608.8,11:28,2/8/17,1,11:22,2/8/17,AMC
A,1,2,179878.9,12:07,2/13/17,6,10:08,2/13/17,AMC
D,3,1,108669.69,12:06,2/8/17,1,11:22,2/8/17,AMC
E,3,1,108675.4,11:15,2/20/17,13,11:01,2/20/17,AMC
C,2,1,108722.94,13:10,2/10/17,3,11:32,2/10/17,AMC
C,3,3,108862.55,11:31,2/8/17,1,11:22,2/8/17,AMC
B,3,1,108866.13,11:16,2/13/17,6,10:08,2/13/17,AMC
C,1,1,108879.52,13:32,2/10/17,3,11:32,2/10/17,AMC
B,3,2,108925.92,11:51,2/9/17,2,10:44,2/9/17,AMC
B,3,2,109064.68,9:44,2/22/17,15,9:41,2/22/17,AMC
F,3,3,109171.93,13:14,2/20/17,13,11:01,2/20/17,AMC
A,3,1,109173.53,11:24,2/8/17,1,11:22,2/8/17,AMC
B,3,3,109329.18,10:12,2/13/17,6,10:08,2/13/17,AMC
D,3,2,109356.65,11:33,2/8/17,1,11:22,2/8/17,AMC
B,2,3,109452.4,12:11,2/22/17,15,9:41,2/22/17,AMC
D,3,2,142877.12,12:31,2/10/17,3,11:32,2/10/17,AMC
E,3,3,109473.21,13:38,2/10/17,3,11:32,2/10/17,AMC
A,1,1,109478.59,10:30,2/22/17,15,9:41,2/22/17,AMC
D,3,3,109587.75,12:13,2/13/17,6,10:08,2/13/17,AMC
C,3,2,109605.22,9:45,2/22/17,15,9:41,2/22/17,AMC
C,3,1,109659.45,12:49,2/9/17,2,10:44,2/9/17,AMC
E,3,1,109695.56,12:06,2/20/17,13,11:01,2/20/17,AMC
C,3,1,109698.66,9:45,2/22/17,15,9:41,2/22/17,AMC
F,3,3,109700.73,9:50,2/22/17,15,9:41,2/22/17,AMC
D,3,1,109752.97,13:09,2/20/17,13,11:01,2/20/17,AMC
B,1,3,109811.64,12:45,2/9/17,2,10:44,2/9/17,AMC
B,3,1,109828.91,12:09,2/22/17,15,9:41,2/22/17,AMC
B,2,3,109831.76,12:20,2/15/17,8,9:58,2/15/17,AMC
B,3,1,109832.91,12:09,2/13/17,6,10:08,2/13/17,AMC
E,1,3,109839.57,13:16,2/9/17,2,10:44,2/9/17,AMC
C,3,2,109855.35,12:49,2/9/17,2,10:44,2/9/17,AMC
B,3,3,109917.26,11:51,2/9/17,2,10:44,2/9/17,AMC
A,1,1,109925.75,11:57,2/8/17,1,11:22,2/8/17,AMC
B,1,1,109988.66,12:45,2/9/17,2,10:44,2/9/17,AMC
F,2,2,110018.98,13:17,2/10/17,3,11:32,2/10/17,AMC
E,3,2,110037.08,12:33,2/10/17,3,11:32,2/10/17,AMC
C,3,2,110062.2,12:11,2/13/17,6,10:08,2/13/17,AMC
C,3,3,110126.48,11:39,2/20/17,13,11:01,2/20/17,AMC
F,3,2,110135.1,9:50,2/22/17,15,9:41,2/22/17,AMC
B,3,1,110135.78,11:16,2/15/17,8,9:58,2/15/17,AMC
A,3,3,110238.51,12:00,2/8/17,1,11:22,2/8/17,AMC
E,3,1,110259.79,10:50,2/13/17,6,10:08,2/13/17,AMC
F,3,2,110406.98,11:27,2/13/17,6,10:08,2/13/17,AMC
E,3,3,110510.34,12:36,2/8/17,1,11:22,2/8/17,AMC
B,3,1,110526.02,13:10,2/9/17,2,10:44,2/9/17,AMC
E,3,3,110565.12,12:17,2/22/17,15,9:41,2/22/17,AMC
A,2,2,178633.93,11:13,2/13/17,6,10:08,2/13/17,AMC
E,3,1,110805.71,11:41,2/20/17,13,11:01,2/20/17,AMC
B,3,2,110855.44,11:16,2/13/17,6,10:08,2/13/17,AMC
C,3,3,111023.87,12:04,2/20/17,13,11:01,2/20/17,AMC
D,1,2,163883.89,13:12,2/10/17,3,11:32,2/10/17,AMC
A,3,3,111137.78,11:34,2/10/17,3,11:32,2/10/17,AMC
D,3,1,111257.96,10:16,2/13/17,6,10:08,2/13/17,AMC
C,2,3,111277.74,12:21,2/15/17,8,9:58,2/15/17,AMC
E,2,2,111424.24,12:24,2/15/17,8,9:58,2/15/17,AMC
D,3,1,111433.79,10:06,2/15/17,8,9:58,2/15/17,AMC
E,3,2,111464.39,11:46,2/10/17,3,11:32,2/10/17,AMC
E,3,1,111488.64,12:08,2/8/17,1,11:22,2/8/17,AMC
E,3,2,111503.82,12:35,2/8/17,1,11:22,2/8/17,AMC
D,3,3,111698,10:06,2/15/17,8,9:58,2/15/17,AMC
B,3,1,111699.08,12:28,2/8/17,1,11:22,2/8/17,AMC
E,3,2,111746.1,9:48,2/22/17,15,9:41,2/22/17,AMC
C,3,3,111813.08,10:33,2/22/17,15,9:41,2/22/17,AMC
B,1,2,111847.74,12:45,2/9/17,2,10:44,2/9/17,AMC
E,3,1,111870.66,12:16,2/22/17,15,9:41,2/22/17,AMC
F,3,2,111884.99,11:18,2/20/17,13,11:01,2/20/17,AMC
E,3,2,111907.62,11:16,2/20/17,13,11:01,2/20/17,AMC
F,3,1,111947.73,9:49,2/22/17,15,9:41,2/22/17,AMC
E,3,3,112075.76,12:31,2/22/17,15,9:41,2/22/17,AMC
D,3,3,112230.2,11:33,2/8/17,1,11:22,2/8/17,AMC
F,3,2,112238.93,10:35,2/22/17,15,9:41,2/22/17,AMC
C,3,3,112378.2,12:50,2/9/17,2,10:44,2/9/17,AMC
D,3,2,112402,11:13,2/20/17,13,11:01,2/20/17,AMC
E,3,2,112441.85,10:34,2/22/17,15,9:41,2/22/17,AMC
F,2,2,112558.5,10:51,2/13/17,6,10:08,2/13/17,AMC
B,3,1,112653.4,12:20,2/15/17,8,9:58,2/15/17,AMC
C,3,3,112816.73,12:04,2/8/17,1,11:22,2/8/17,AMC
A,2,1,112885.47,11:33,2/10/17,3,11:32,2/10/17,AMC
A,3,3,158698.62,10:42,2/13/17,6,10:08,2/13/17,AMC
E,3,1,113135.56,12:30,2/22/17,15,9:41,2/22/17,AMC
F,3,1,113147.64,13:39,2/10/17,3,11:32,2/10/17,AMC
C,1,2,113155.75,13:11,2/9/17,2,10:44,2/9/17,AMC
E,3,3,113292.35,12:56,2/9/17,2,10:44,2/9/17,AMC
C,1,3,113331.41,13:10,2/8/17,1,11:22,2/8/17,AMC
B,3,2,113401.07,12:02,2/8/17,1,11:22,2/8/17,AMC
F,3,1,113451.38,12:17,2/13/17,6,10:08,2/13/17,AMC
D,3,2,113506.29,10:48,2/13/17,6,10:08,2/13/17,AMC
E,3,1,113530.39,10:08,2/15/17,8,9:58,2/15/17,AMC
B,2,3,113532.8,13:32,2/10/17,3,11:32,2/10/17,AMC
A,3,2,154829.15,11:13,2/13/17,6,10:08,2/13/17,AMC
D,3,1,113669.58,12:33,2/8/17,1,11:22,2/8/17,AMC
E,3,2,113699.59,12:06,2/20/17,13,11:01,2/20/17,AMC
F,2,3,113756.13,12:00,2/9/17,2,10:44,2/9/17,AMC
F,3,2,113793.95,11:27,2/15/17,8,9:58,2/15/17,AMC
B,3,1,113926.81,13:06,2/20/17,13,11:01,2/20/17,AMC
F,1,2,114032.64,13:11,2/20/17,13,11:01,2/20/17,AMC
B,3,3,114124.63,11:08,2/20/17,13,11:01,2/20/17,AMC
F,3,1,114148.82,10:35,2/22/17,15,9:41,2/22/17,AMC
B,2,2,114216.88,13:07,2/20/17,13,11:01,2/20/17,AMC
E,3,2,114239.38,11:42,2/20/17,13,11:01,2/20/17,AMC
F,3,2,114253.04,12:25,2/15/17,8,9:58,2/15/17,AMC
B,1,1,114360.71,13:07,2/10/17,3,11:32,2/10/17,AMC
D,3,2,114389.66,10:06,2/15/17,8,9:58,2/15/17,AMC
C,3,2,114478.68,13:13,2/9/17,2,10:44,2/9/17,AMC
C,3,2,114514.82,13:12,2/8/17,1,11:22,2/8/17,AMC
B,3,3,114547.99,9:44,2/22/17,15,9:41,2/22/17,AMC
F,3,1,114596.98,12:25,2/15/17,8,9:58,2/15/17,AMC
D,1,2,181903.2,13:35,2/10/17,3,11:32,2/10/17,AMC
F,3,2,114715.24,12:07,2/20/17,13,11:01,2/20/17,AMC
D,3,2,114733.75,12:05,2/20/17,13,11:01,2/20/17,AMC
B,3,3,114769.06,12:02,2/8/17,1,11:22,2/8/17,AMC
D,2,3,114863.46,12:12,2/13/17,6,10:08,2/13/17,AMC
C,3,1,114886.13,13:11,2/8/17,1,11:22,2/8/17,AMC
D,3,2,114943.41,12:06,2/8/17,1,11:22,2/8/17,AMC
A,3,1,114960.94,9:59,2/15/17,8,9:58,2/15/17,AMC
F,3,2,114989.3,11:46,2/20/17,13,11:01,2/20/17,AMC
C,2,1,115012.27,12:21,2/15/17,8,9:58,2/15/17,AMC
C,1,1,115042.21,13:10,2/8/17,1,11:22,2/8/17,AMC
E,3,2,115134.14,12:55,2/9/17,2,10:44,2/9/17,AMC
D,3,1,115262.72,10:48,2/13/17,6,10:08,2/13/17,AMC
F,3,2,115337.75,12:17,2/13/17,6,10:08,2/13/17,AMC
E,3,1,115456.07,12:35,2/8/17,1,11:22,2/8/17,AMC
C,3,2,115468.37,11:10,2/20/17,13,11:01,2/20/17,AMC
E,3,1,115482.92,13:10,2/20/17,13,11:01,2/20/17,AMC
B,1,3,115503.63,12:25,2/10/17,3,11:32,2/10/17,AMC
D,3,2,115713.52,11:40,2/20/17,13,11:01,2/20/17,AMC
C,3,3,115730.85,11:19,2/13/17,6,10:08,2/13/17,AMC
D,2,2,193774.46,13:13,2/10/17,3,11:32,2/10/17,AMC
D,3,2,196868.34,13:13,2/10/17,3,11:32,2/10/17,AMC
B,3,1,115893.65,12:22,2/22/17,15,9:41,2/22/17,AMC
B,3,1,115895,13:09,2/10/17,3,11:32,2/10/17,AMC
C,1,2,116003.04,13:10,2/8/17,1,11:22,2/8/17,AMC
F,3,1,116123.22,11:17,2/20/17,13,11:01,2/20/17,AMC
C,3,3,116129.89,12:31,2/8/17,1,11:22,2/8/17,AMC
C,3,1,116148.77,13:12,2/9/17,2,10:44,2/9/17,AMC
C,2,3,116210.1,13:11,2/10/17,3,11:32,2/10/17,AMC
C,3,2,116259.16,10:04,2/15/17,8,9:58,2/15/17,AMC
B,1,3,116259.68,13:07,2/8/17,1,11:22,2/8/17,AMC
F,3,2,116314.93,12:35,2/10/17,3,11:32,2/10/17,AMC
C,1,3,116399.9,13:10,2/10/17,3,11:32,2/10/17,AMC
D,1,2,116400.8,13:13,2/8/17,1,11:22,2/8/17,AMC
C,3,1,116495.76,11:19,2/13/17,6,10:08,2/13/17,AMC
E,2,1,116538.57,12:24,2/15/17,8,9:58,2/15/17,AMC
C,2,1,116642.79,13:33,2/10/17,3,11:32,2/10/17,AMC
C,2,2,116693.47,12:21,2/15/17,8,9:58,2/15/17,AMC
B,3,2,116726.82,12:47,2/9/17,2,10:44,2/9/17,AMC
F,3,3,116769.57,10:11,2/15/17,8,9:58,2/15/17,AMC
B,3,2,117036.55,12:29,2/8/17,1,11:22,2/8/17,AMC
A,1,2,117052.32,11:34,2/20/17,13,11:01,2/20/17,AMC
D,3,1,117178.89,10:42,2/15/17,8,9:58,2/15/17,AMC
B,3,3,117372.59,13:09,2/10/17,3,11:32,2/10/17,AMC
C,3,3,117579.03,10:04,2/15/17,8,9:58,2/15/17,AMC
C,3,1,117619.93,11:37,2/20/17,13,11:01,2/20/17,AMC
D,1,1,117657.18,13:13,2/9/17,2,10:44,2/9/17,AMC
C,3,3,117667.89,13:13,2/9/17,2,10:44,2/9/17,AMC
E,3,2,117760.38,11:24,2/13/17,6,10:08,2/13/17,AMC
D,3,3,117840.48,12:07,2/8/17,1,11:22,2/8/17,AMC
E,3,1,117961.68,11:57,2/9/17,2,10:44,2/9/17,AMC
D,2,2,118025.28,12:22,2/15/17,8,9:58,2/15/17,AMC
D,3,1,118118.66,12:52,2/9/17,2,10:44,2/9/17,AMC
F,3,3,118193.7,10:46,2/15/17,8,9:58,2/15/17,AMC
E,3,2,118209.14,10:08,2/15/17,8,9:58,2/15/17,AMC
B,3,3,118220.23,12:29,2/8/17,1,11:22,2/8/17,AMC
F,2,2,118259.54,11:18,2/20/17,13,11:01,2/20/17,AMC
D,1,3,118383.17,13:13,2/8/17,1,11:22,2/8/17,AMC
D,1,2,118430.04,13:14,2/9/17,2,10:44,2/9/17,AMC
B,1,1,118548.82,13:07,2/8/17,1,11:22,2/8/17,AMC
C,1,3,118631.94,13:11,2/9/17,2,10:44,2/9/17,AMC
B,2,2,118806.24,12:23,2/22/17,15,9:41,2/22/17,AMC
B,3,2,118831.72,10:01,2/15/17,8,9:58,2/15/17,AMC
E,1,3,118844.18,13:14,2/10/17,3,11:32,2/10/17,AMC
C,3,1,118885.62,10:32,2/22/17,15,9:41,2/22/17,AMC
E,3,3,118940.57,10:09,2/15/17,8,9:58,2/15/17,AMC
C,3,2,118955.89,10:32,2/22/17,15,9:41,2/22/17,AMC
A,2,2,118963.95,11:33,2/10/17,3,11:32,2/10/17,AMC
A,3,2,119148.67,11:59,2/8/17,1,11:22,2/8/17,AMC
F,3,3,119232.96,12:25,2/15/17,8,9:58,2/15/17,AMC
E,3,3,119249.44,13:17,2/8/17,1,11:22,2/8/17,AMC
E,2,2,119363.98,10:56,2/9/17,2,10:44,2/9/17,AMC
D,3,2,119446.27,12:33,2/8/17,1,11:22,2/8/17,AMC
F,3,1,119460.52,12:07,2/20/17,13,11:01,2/20/17,AMC
E,3,2,119538.3,13:18,2/9/17,2,10:44,2/9/17,AMC
F,3,3,119581.36,12:19,2/22/17,15,9:41,2/22/17,AMC
E,3,3,119621.82,13:18,2/9/17,2,10:44,2/9/17,AMC
E,3,2,119647.5,13:11,2/20/17,13,11:01,2/20/17,AMC
F,3,3,119708.45,11:28,2/15/17,8,9:58,2/15/17,AMC
E,3,2,119717.8,12:16,2/22/17,15,9:41,2/22/17,AMC
F,3,1,119744.98,11:44,2/20/17,13,11:01,2/20/17,AMC
F,2,2,119894.35,13:39,2/10/17,3,11:32,2/10/17,AMC
B,2,1,119985.75,13:08,2/10/17,3,11:32,2/10/17,AMC
C,2,3,120098.16,13:33,2/10/17,3,11:32,2/10/17,AMC
E,1,3,120106.22,13:16,2/8/17,1,11:22,2/8/17,AMC
C,3,1,120223.54,10:03,2/15/17,8,9:58,2/15/17,AMC
D,3,3,120267.56,9:47,2/22/17,15,9:41,2/22/17,AMC
F,2,3,120271.43,11:47,2/20/17,13,11:01,2/20/17,AMC
D,3,2,120353.75,10:42,2/15/17,8,9:58,2/15/17,AMC
B,1,3,120383.91,13:08,2/10/17,3,11:32,2/10/17,AMC
E,2,3,120539.04,12:33,2/10/17,3,11:32,2/10/17,AMC
B,3,2,120628.1,10:31,2/22/17,15,9:41,2/22/17,AMC
F,3,1,120648.16,12:18,2/22/17,15,9:41,2/22/17,AMC
C,3,3,120994.44,12:13,2/22/17,15,9:41,2/22/17,AMC
C,1,3,121245.43,13:33,2/10/17,3,11:32,2/10/17,AMC
E,3,2,121351.61,13:17,2/8/17,1,11:22,2/8/17,AMC
E,3,1,121482.77,10:44,2/15/17,8,9:58,2/15/17,AMC
A,3,3,121516.09,12:27,2/8/17,1,11:22,2/8/17,AMC
E,3,1,121560.06,11:23,2/13/17,6,10:08,2/13/17,AMC
A,3,1,121592.91,11:59,2/8/17,1,11:22,2/8/17,AMC
C,3,3,121670.98,13:09,2/20/17,13,11:01,2/20/17,AMC
A,1,1,121720.55,12:02,2/20/17,13,11:01,2/20/17,AMC
E,3,2,121731.44,12:31,2/22/17,15,9:41,2/22/17,AMC
D,3,2,121809.9,13:09,2/20/17,13,11:01,2/20/17,AMC
D,3,3,121845.23,12:53,2/9/17,2,10:44,2/9/17,AMC
E,3,3,121857.72,10:44,2/15/17,8,9:58,2/15/17,AMC
F,3,2,122034,13:13,2/20/17,13,11:01,2/20/17,AMC
F,3,1,122255.99,12:32,2/22/17,15,9:41,2/22/17,AMC
B,3,2,122322.83,12:09,2/13/17,6,10:08,2/13/17,AMC
F,3,3,122327.56,12:33,2/22/17,15,9:41,2/22/17,AMC
F,2,3,122348.69,12:17,2/13/17,6,10:08,2/13/17,AMC
E,1,1,122418.1,13:15,2/8/17,1,11:22,2/8/17,AMC
D,3,3,122523.24,12:33,2/8/17,1,11:22,2/8/17,AMC
F,1,1,122662.21,10:45,2/15/17,8,9:58,2/15/17,AMC
B,3,3,122676.69,13:32,2/10/17,3,11:32,2/10/17,AMC
B,3,3,123032.6,12:47,2/9/17,2,10:44,2/9/17,AMC
A,1,1,123057.24,10:36,2/15/17,8,9:58,2/15/17,AMC
D,3,1,123095.39,13:15,2/9/17,2,10:44,2/9/17,AMC
F,3,2,123244.48,12:19,2/22/17,15,9:41,2/22/17,AMC
E,1,2,123295.35,13:15,2/8/17,1,11:22,2/8/17,AMC
C,2,1,123338.64,12:10,2/13/17,6,10:08,2/13/17,AMC
D,3,3,123373.36,10:34,2/22/17,15,9:41,2/22/17,AMC
E,3,2,123420.07,10:44,2/15/17,8,9:58,2/15/17,AMC
D,3,1,123480.39,11:21,2/13/17,6,10:08,2/13/17,AMC
B,3,1,123610.37,13:32,2/10/17,3,11:32,2/10/17,AMC
F,2,1,123778.34,11:17,2/20/17,13,11:01,2/20/17,AMC
B,3,2,123792.07,13:10,2/9/17,2,10:44,2/9/17,AMC
B,1,3,124128.05,13:31,2/10/17,3,11:32,2/10/17,AMC
A,1,3,124247.03,10:31,2/22/17,15,9:41,2/22/17,AMC
D,3,3,124258.77,11:22,2/15/17,8,9:58,2/15/17,AMC
C,3,1,124259.1,12:04,2/20/17,13,11:01,2/20/17,AMC
A,1,2,124512.78,11:47,2/9/17,2,10:44,2/9/17,AMC
C,2,3,124541.09,12:03,2/8/17,1,11:22,2/8/17,AMC
B,1,3,124594.25,13:08,2/9/17,2,10:44,2/9/17,AMC
C,3,2,124691.06,11:38,2/20/17,13,11:01,2/20/17,AMC
B,3,2,124932.41,13:07,2/20/17,13,11:01,2/20/17,AMC
B,3,1,125441.54,13:09,2/8/17,1,11:22,2/8/17,AMC
D,3,1,125476.39,13:14,2/8/17,1,11:22,2/8/17,AMC
B,1,1,125648.11,13:30,2/10/17,3,11:32,2/10/17,AMC
E,1,3,125738.59,13:36,2/10/17,3,11:32,2/10/17,AMC
F,1,1,125831.02,13:16,2/10/17,3,11:32,2/10/17,AMC
C,3,3,125911.6,10:41,2/15/17,8,9:58,2/15/17,AMC
C,3,3,126088.74,12:26,2/22/17,15,9:41,2/22/17,AMC
E,3,1,126182.53,13:17,2/8/17,1,11:22,2/8/17,AMC
C,3,3,126240.38,12:11,2/13/17,6,10:08,2/13/17,AMC
F,3,1,126253.35,13:11,2/20/17,13,11:01,2/20/17,AMC
D,3,2,223750.01,13:36,2/10/17,3,11:32,2/10/17,AMC
D,2,3,126510.17,12:22,2/15/17,8,9:58,2/15/17,AMC
A,1,3,126615.12,12:19,2/10/17,3,11:32,2/10/17,AMC
D,3,3,126702.45,13:16,2/9/17,2,10:44,2/9/17,AMC
E,3,2,126746.39,12:15,2/13/17,6,10:08,2/13/17,AMC
B,3,3,126767.82,10:02,2/15/17,8,9:58,2/15/17,AMC
C,3,3,126873.57,13:12,2/8/17,1,11:22,2/8/17,AMC
C,3,1,127067.28,12:12,2/22/17,15,9:41,2/22/17,AMC
C,3,2,127228.66,11:19,2/15/17,8,9:58,2/15/17,AMC
A,1,2,127626.24,10:36,2/15/17,8,9:58,2/15/17,AMC
A,1,3,127639.52,10:36,2/15/17,8,9:58,2/15/17,AMC
A,2,3,127738.07,12:21,2/10/17,3,11:32,2/10/17,AMC
D,1,1,127951.61,13:12,2/8/17,1,11:22,2/8/17,AMC
B,1,2,128195.31,13:08,2/9/17,2,10:44,2/9/17,AMC
D,3,1,128200.13,11:22,2/15/17,8,9:58,2/15/17,AMC
C,3,1,128277.56,12:11,2/13/17,6,10:08,2/13/17,AMC
C,3,2,128285.73,12:29,2/10/17,3,11:32,2/10/17,AMC
F,1,2,128405.83,12:32,2/22/17,15,9:41,2/22/17,AMC
A,1,3,145291.51,11:12,2/13/17,6,10:08,2/13/17,AMC
A,3,1,128494.1,11:49,2/9/17,2,10:44,2/9/17,AMC
D,3,2,128699.53,11:22,2/15/17,8,9:58,2/15/17,AMC
B,1,1,128989.71,13:08,2/9/17,2,10:44,2/9/17,AMC
A,2,3,143509.17,10:42,2/13/17,6,10:08,2/13/17,AMC
A,1,3,129101.52,12:02,2/20/17,13,11:01,2/20/17,AMC
A,1,2,136302.4,11:12,2/13/17,6,10:08,2/13/17,AMC
E,3,3,129215.84,11:25,2/15/17,8,9:58,2/15/17,AMC
F,1,1,129446.48,13:11,2/20/17,13,11:01,2/20/17,AMC
B,3,2,129616.14,13:09,2/8/17,1,11:22,2/8/17,AMC
D,2,2,129693.84,12:06,2/8/17,1,11:22,2/8/17,AMC
B,3,3,129704.28,10:44,2/13/17,6,10:08,2/13/17,AMC
F,3,2,129733.75,12:32,2/22/17,15,9:41,2/22/17,AMC
D,2,2,228313.75,13:35,2/10/17,3,11:32,2/10/17,AMC
F,1,1,129915.22,11:24,2/13/17,6,10:08,2/13/17,AMC
A,1,1,129974.24,11:47,2/9/17,2,10:44,2/9/17,AMC
A,3,2,130050.26,12:26,2/8/17,1,11:22,2/8/17,AMC
B,1,2,130132.6,13:07,2/8/17,1,11:22,2/8/17,AMC
C,3,2,130389.73,12:12,2/22/17,15,9:41,2/22/17,AMC
D,2,1,130398.67,12:05,2/8/17,1,11:22,2/8/17,AMC
B,3,2,130420.27,10:39,2/15/17,8,9:58,2/15/17,AMC
B,3,3,130468.54,13:10,2/9/17,2,10:44,2/9/17,AMC
A,1,2,130691.71,12:24,2/8/17,1,11:22,2/8/17,AMC
C,3,1,131445.26,10:40,2/15/17,8,9:58,2/15/17,AMC
D,3,3,131543.32,12:23,2/15/17,8,9:58,2/15/17,AMC
B,2,1,131576.07,13:31,2/10/17,3,11:32,2/10/17,AMC
A,3,2,131634.2,9:59,2/15/17,8,9:58,2/15/17,AMC
C,3,2,131636.18,12:04,2/20/17,13,11:01,2/20/17,AMC
A,3,1,131710.95,12:26,2/8/17,1,11:22,2/8/17,AMC
F,2,3,131757.85,10:35,2/22/17,15,9:41,2/22/17,AMC
B,3,3,131837.93,13:09,2/8/17,1,11:22,2/8/17,AMC
D,3,2,131870.89,13:15,2/8/17,1,11:22,2/8/17,AMC
E,2,3,131996.75,13:15,2/10/17,3,11:32,2/10/17,AMC
A,3,2,132198.64,11:49,2/9/17,2,10:44,2/9/17,AMC
D,3,3,132589.85,12:15,2/22/17,15,9:41,2/22/17,AMC
D,2,3,132598.06,12:06,2/8/17,1,11:22,2/8/17,AMC
F,2,3,132608.01,11:27,2/15/17,8,9:58,2/15/17,AMC
A,3,1,132772.37,12:08,2/13/17,6,10:08,2/13/17,AMC
C,3,2,132794.95,12:22,2/15/17,8,9:58,2/15/17,AMC
B,2,3,132819.96,12:24,2/22/17,15,9:41,2/22/17,AMC
E,3,1,132835.78,12:55,2/9/17,2,10:44,2/9/17,AMC
C,3,1,132922.79,12:25,2/22/17,15,9:41,2/22/17,AMC
A,1,3,132976.14,12:25,2/8/17,1,11:22,2/8/17,AMC
A,1,2,133732.17,10:30,2/22/17,15,9:41,2/22/17,AMC
C,2,1,134261.71,12:03,2/8/17,1,11:22,2/8/17,AMC
E,3,2,134453.93,11:25,2/15/17,8,9:58,2/15/17,AMC
D,3,2,134552.6,11:21,2/13/17,6,10:08,2/13/17,AMC
C,2,2,134685.18,12:28,2/10/17,3,11:32,2/10/17,AMC
A,1,1,134750.54,12:19,2/10/17,3,11:32,2/10/17,AMC
C,3,3,134813.12,11:19,2/15/17,8,9:58,2/15/17,AMC
D,3,3,134910.82,13:15,2/8/17,1,11:22,2/8/17,AMC
B,3,2,135021.21,12:10,2/22/17,15,9:41,2/22/17,AMC
E,3,1,135295.5,12:15,2/13/17,6,10:08,2/13/17,AMC
C,2,2,135408.34,12:03,2/8/17,1,11:22,2/8/17,AMC
E,3,3,135436.82,12:24,2/15/17,8,9:58,2/15/17,AMC
B,2,3,135577.87,12:01,2/8/17,1,11:22,2/8/17,AMC
D,2,1,135764.4,11:54,2/9/17,2,10:44,2/9/17,AMC
D,3,3,135764.4,12:29,2/22/17,15,9:41,2/22/17,AMC
D,1,3,57906.1,11:42,2/10/17,3,11:32,2/10/17,AMC
A,3,2,129197.98,10:42,2/13/17,6,10:08,2/13/17,AMC
A,1,1,136628.34,12:24,2/8/17,1,11:22,2/8/17,AMC
A,1,3,136768.53,11:47,2/9/17,2,10:44,2/9/17,AMC
E,2,3,137012.35,13:37,2/10/17,3,11:32,2/10/17,AMC
A,3,3,137048.53,11:49,2/9/17,2,10:44,2/9/17,AMC
A,3,1,137150.98,10:37,2/15/17,8,9:58,2/15/17,AMC
E,3,1,137512.01,11:24,2/15/17,8,9:58,2/15/17,AMC
E,2,2,137724.98,13:15,2/10/17,3,11:32,2/10/17,AMC
E,2,3,137914.31,12:08,2/8/17,1,11:22,2/8/17,AMC
E,2,1,138218.68,12:08,2/8/17,1,11:22,2/8/17,AMC
E,2,2,138290.67,12:08,2/8/17,1,11:22,2/8/17,AMC
B,2,1,138348.84,12:01,2/8/17,1,11:22,2/8/17,AMC
B,3,3,138884.62,11:37,2/20/17,13,11:01,2/20/17,AMC
D,3,2,139336.9,12:23,2/15/17,8,9:58,2/15/17,AMC
E,1,2,139698.06,13:14,2/10/17,3,11:32,2/10/17,AMC
B,2,3,139913.78,13:07,2/20/17,13,11:01,2/20/17,AMC
C,3,2,140089.37,12:25,2/22/17,15,9:41,2/22/17,AMC
A,3,1,140349.75,10:30,2/22/17,15,9:41,2/22/17,AMC
F,2,3,140399.76,12:07,2/20/17,13,11:01,2/20/17,AMC
A,3,1,140574.68,11:02,2/20/17,13,11:01,2/20/17,AMC
E,3,1,140614.01,13:18,2/9/17,2,10:44,2/9/17,AMC
E,3,2,140665.32,13:16,2/10/17,3,11:32,2/10/17,AMC
A,3,1,140812.1,12:22,2/10/17,3,11:32,2/10/17,AMC
D,2,3,88467.39,11:42,2/10/17,3,11:32,2/10/17,AMC
C,3,1,141523.47,11:19,2/15/17,8,9:58,2/15/17,AMC
D,3,1,141903.96,12:23,2/15/17,8,9:58,2/15/17,AMC
D,1,3,100985.39,12:30,2/10/17,3,11:32,2/10/17,AMC
B,3,3,143431.95,10:32,2/22/17,15,9:41,2/22/17,AMC
A,2,2,129044.63,10:41,2/13/17,6,10:08,2/13/17,AMC
C,1,2,143744.42,12:27,2/10/17,3,11:32,2/10/17,AMC
E,2,3,143928.46,11:57,2/9/17,2,10:44,2/9/17,AMC
A,2,1,144162.03,12:20,2/10/17,3,11:32,2/10/17,AMC
E,3,2,144581.18,12:24,2/15/17,8,9:58,2/15/17,AMC
C,3,3,145055.93,12:22,2/15/17,8,9:58,2/15/17,AMC
F,1,1,145252.81,13:38,2/10/17,3,11:32,2/10/17,AMC
A,2,1,128436.68,10:41,2/13/17,6,10:08,2/13/17,AMC
A,3,3,145670.96,12:24,2/10/17,3,11:32,2/10/17,AMC
B,3,2,145918.65,12:23,2/22/17,15,9:41,2/22/17,AMC
B,3,2,146394.6,11:16,2/15/17,8,9:58,2/15/17,AMC
C,3,1,146442.48,13:08,2/20/17,13,11:01,2/20/17,AMC
A,1,3,146516.89,13:05,2/10/17,3,11:32,2/10/17,AMC
A,3,3,146574.96,13:07,2/8/17,1,11:22,2/8/17,AMC
A,1,1,147056.78,12:07,2/22/17,15,9:41,2/22/17,AMC
B,2,2,147138.18,12:01,2/8/17,1,11:22,2/8/17,AMC
E,2,2,148788.12,13:37,2/10/17,3,11:32,2/10/17,AMC
A,2,1,148806.95,11:34,2/20/17,13,11:01,2/20/17,AMC
E,1,2,149885.92,13:36,2/10/17,3,11:32,2/10/17,AMC
A,3,3,149905.95,9:59,2/15/17,8,9:58,2/15/17,AMC
E,2,1,150353.6,11:56,2/9/17,2,10:44,2/9/17,AMC
E,3,1,150881.76,12:24,2/15/17,8,9:58,2/15/17,AMC
A,1,2,151001.09,12:02,2/20/17,13,11:01,2/20/17,AMC
A,2,3,151012.78,13:06,2/10/17,3,11:32,2/10/17,AMC
D,3,2,151154.43,11:55,2/9/17,2,10:44,2/9/17,AMC
A,3,1,151561.39,12:44,2/9/17,2,10:44,2/9/17,AMC
E,3,2,153495.93,13:37,2/10/17,3,11:32,2/10/17,AMC
B,3,3,153861.5,12:03,2/20/17,13,11:01,2/20/17,AMC
F,3,2,154560.64,13:17,2/10/17,3,11:32,2/10/17,AMC
C,3,2,154767.25,13:08,2/20/17,13,11:01,2/20/17,AMC
A,3,3,113651.96,10:10,2/13/17,6,10:08,2/13/17,AMC
C,3,1,155829.51,12:21,2/15/17,8,9:58,2/15/17,AMC
A,3,2,156536.73,13:07,2/8/17,1,11:22,2/8/17,AMC
F,2,3,157581.03,12:57,2/9/17,2,10:44,2/9/17,AMC
A,3,1,158234.2,13:06,2/8/17,1,11:22,2/8/17,AMC
A,3,1,112900.1,11:13,2/13/17,6,10:08,2/13/17,AMC
F,2,2,158900.89,11:26,2/13/17,6,10:08,2/13/17,AMC
C,2,2,158929.34,11:53,2/9/17,2,10:44,2/9/17,AMC
A,2,2,159122.25,11:34,2/20/17,13,11:01,2/20/17,AMC
B,2,2,159364.85,11:50,2/9/17,2,10:44,2/9/17,AMC
B,3,3,159796.2,10:39,2/15/17,8,9:58,2/15/17,AMC
B,3,3,160605.04,11:16,2/13/17,6,10:08,2/13/17,AMC
A,3,2,161229.34,12:44,2/9/17,2,10:44,2/9/17,AMC
A,1,3,162375.35,13:29,2/10/17,3,11:32,2/10/17,AMC
C,2,1,163426.65,11:53,2/9/17,2,10:44,2/9/17,AMC
D,3,3,107887,11:44,2/10/17,3,11:32,2/10/17,AMC
D,3,2,164180.12,12:13,2/13/17,6,10:08,2/13/17,AMC
A,3,1,164517.92,11:13,2/15/17,8,9:58,2/15/17,AMC
E,2,2,164712.21,11:56,2/9/17,2,10:44,2/9/17,AMC
B,2,3,164870.9,11:51,2/9/17,2,10:44,2/9/17,AMC
F,2,3,165195.39,13:20,2/9/17,2,10:44,2/9/17,AMC
F,1,1,165454.75,11:26,2/15/17,8,9:58,2/15/17,AMC
F,2,1,165477.75,10:20,2/13/17,6,10:08,2/13/17,AMC
A,1,1,165972.45,11:12,2/15/17,8,9:58,2/15/17,AMC
F,2,1,166761.73,10:35,2/22/17,15,9:41,2/22/17,AMC
A,3,1,167188.31,13:07,2/9/17,2,10:44,2/9/17,AMC
B,3,2,169002.4,12:20,2/15/17,8,9:58,2/15/17,AMC
A,2,3,169191.32,10:31,2/22/17,15,9:41,2/22/17,AMC
D,2,2,170022.81,11:55,2/9/17,2,10:44,2/9/17,AMC
D,1,3,111132.96,13:12,2/10/17,3,11:32,2/10/17,AMC
A,2,3,171205.12,13:30,2/10/17,3,11:32,2/10/17,AMC
A,1,3,171250.93,11:12,2/15/17,8,9:58,2/15/17,AMC
D,2,2,172469.17,12:32,2/8/17,1,11:22,2/8/17,AMC
F,2,3,172856.1,12:25,2/15/17,8,9:58,2/15/17,AMC
B,3,2,173308.78,12:26,2/10/17,3,11:32,2/10/17,AMC
B,2,2,173739.95,12:26,2/10/17,3,11:32,2/10/17,AMC
A,1,1,174001.39,13:03,2/20/17,13,11:01,2/20/17,AMC
C,2,3,174060.67,11:53,2/9/17,2,10:44,2/9/17,AMC
F,2,1,174124.37,12:25,2/15/17,8,9:58,2/15/17,AMC
A,1,2,174651.62,11:12,2/15/17,8,9:58,2/15/17,AMC
F,3,2,174697.53,13:39,2/10/17,3,11:32,2/10/17,AMC
B,3,3,175751.89,12:11,2/22/17,15,9:41,2/22/17,AMC
B,1,2,175781.5,12:25,2/10/17,3,11:32,2/10/17,AMC
D,2,3,175895.32,12:33,2/8/17,1,11:22,2/8/17,AMC
A,3,3,176950.35,12:45,2/9/17,2,10:44,2/9/17,AMC
A,3,3,177637.53,13:07,2/10/17,3,11:32,2/10/17,AMC
C,2,1,178060.75,12:30,2/8/17,1,11:22,2/8/17,AMC
A,1,3,110597.03,10:41,2/13/17,6,10:08,2/13/17,AMC
D,2,3,178726.51,11:55,2/9/17,2,10:44,2/9/17,AMC
C,2,3,179161.37,12:30,2/8/17,1,11:22,2/8/17,AMC
A,3,2,179537.54,13:07,2/9/17,2,10:44,2/9/17,AMC
A,3,2,108666.92,10:09,2/13/17,6,10:08,2/13/17,AMC
C,2,2,181000.65,12:30,2/8/17,1,11:22,2/8/17,AMC
D,3,3,115792.93,12:31,2/10/17,3,11:32,2/10/17,AMC
A,1,3,182755.95,12:08,2/22/17,15,9:41,2/22/17,AMC
A,1,1,106878.57,10:41,2/13/17,6,10:08,2/13/17,AMC
E,2,3,183449.3,12:35,2/8/17,1,11:22,2/8/17,AMC
E,2,2,183565.64,12:35,2/8/17,1,11:22,2/8/17,AMC
D,2,1,184438.37,12:32,2/8/17,1,11:22,2/8/17,AMC
E,2,1,184679.76,12:34,2/8/17,1,11:22,2/8/17,AMC
A,1,1,184698.29,13:05,2/10/17,3,11:32,2/10/17,AMC
F,2,2,185836.67,10:45,2/15/17,8,9:58,2/15/17,AMC
A,1,1,186108.98,12:20,2/22/17,15,9:41,2/22/17,AMC
A,1,2,103588.92,10:41,2/13/17,6,10:08,2/13/17,AMC
B,2,3,186924.14,12:28,2/8/17,1,11:22,2/8/17,AMC
B,2,1,187476.1,12:28,2/8/17,1,11:22,2/8/17,AMC
B,3,3,188223.78,12:10,2/13/17,6,10:08,2/13/17,AMC
A,2,3,188755.15,12:02,2/20/17,13,11:01,2/20/17,AMC
B,2,1,190001.28,11:50,2/9/17,2,10:44,2/9/17,AMC
A,2,2,191180.84,11:58,2/8/17,1,11:22,2/8/17,AMC
C,3,2,191266.21,13:11,2/10/17,3,11:32,2/10/17,AMC
A,2,2,192498,10:36,2/15/17,8,9:58,2/15/17,AMC
C,2,2,192729.21,13:10,2/10/17,3,11:32,2/10/17,AMC
A,2,1,192857.62,11:58,2/8/17,1,11:22,2/8/17,AMC
A,2,1,192977.14,10:36,2/15/17,8,9:58,2/15/17,AMC
D,3,2,193731.01,12:52,2/9/17,2,10:44,2/9/17,AMC
A,1,2,193761.76,12:43,2/9/17,2,10:44,2/9/17,AMC
D,1,3,115837.24,13:35,2/10/17,3,11:32,2/10/17,AMC
A,3,1,194241.96,13:06,2/10/17,3,11:32,2/10/17,AMC
A,1,2,194488.5,13:05,2/8/17,1,11:22,2/8/17,AMC
A,2,3,195692.42,10:37,2/15/17,8,9:58,2/15/17,AMC
F,1,1,196487.51,12:16,2/13/17,6,10:08,2/13/17,AMC
F,2,3,196544,12:19,2/22/17,15,9:41,2/22/17,AMC
D,3,3,129831.2,13:14,2/10/17,3,11:32,2/10/17,AMC
B,3,3,197423.84,11:17,2/15/17,8,9:58,2/15/17,AMC
A,3,3,198677.45,13:07,2/9/17,2,10:44,2/9/17,AMC
A,1,3,199270.87,13:05,2/20/17,13,11:01,2/20/17,AMC
F,2,1,199506.26,10:10,2/15/17,8,9:58,2/15/17,AMC
A,1,1,199934.2,12:43,2/9/17,2,10:44,2/9/17,AMC
A,3,3,200449.2,13:30,2/10/17,3,11:32,2/10/17,AMC
A,2,1,200498.67,13:06,2/10/17,3,11:32,2/10/17,AMC
A,1,2,200683.75,12:07,2/22/17,15,9:41,2/22/17,AMC
A,1,1,201360.28,13:05,2/8/17,1,11:22,2/8/17,AMC
A,2,2,202305.51,10:30,2/22/17,15,9:41,2/22/17,AMC
A,3,1,102483.03,10:42,2/13/17,6,10:08,2/13/17,AMC
C,1,2,205441.1,13:10,2/10/17,3,11:32,2/10/17,AMC
A,2,3,205546.95,11:58,2/8/17,1,11:22,2/8/17,AMC
B,3,3,206674.79,12:24,2/22/17,15,9:41,2/22/17,AMC
A,3,1,94809.36,10:09,2/13/17,6,10:08,2/13/17,AMC
B,3,3,207417.41,13:07,2/20/17,13,11:01,2/20/17,AMC
A,1,2,76283.44,10:08,2/13/17,6,10:08,2/13/17,AMC
A,1,3,207664.67,13:06,2/8/17,1,11:22,2/8/17,AMC
F,2,1,208479.04,11:48,2/10/17,3,11:32,2/10/17,AMC
B,2,2,208703.2,12:28,2/8/17,1,11:22,2/8/17,AMC
A,2,1,209118.01,12:02,2/20/17,13,11:01,2/20/17,AMC
D,3,2,210125.9,13:15,2/9/17,2,10:44,2/9/17,AMC
D,2,1,210676.84,12:51,2/9/17,2,10:44,2/9/17,AMC
F,2,2,213233.85,12:16,2/13/17,6,10:08,2/13/17,AMC
F,2,3,214168.14,13:14,2/20/17,13,11:01,2/20/17,AMC
A,3,1,214216.28,13:30,2/10/17,3,11:32,2/10/17,AMC
A,3,1,214246.01,12:18,2/15/17,8,9:58,2/15/17,AMC
A,3,2,214336.04,11:03,2/20/17,13,11:01,2/20/17,AMC
E,2,2,215201.59,12:54,2/9/17,2,10:44,2/9/17,AMC
A,1,1,215436.45,13:29,2/10/17,3,11:32,2/10/17,AMC
A,2,3,76169.28,10:09,2/13/17,6,10:08,2/13/17,AMC
A,3,2,215793.07,10:37,2/15/17,8,9:58,2/15/17,AMC
A,1,3,216470.89,12:43,2/9/17,2,10:44,2/9/17,AMC
E,2,3,216863.54,12:54,2/9/17,2,10:44,2/9/17,AMC
C,3,2,221806.6,13:34,2/10/17,3,11:32,2/10/17,AMC
A,2,2,223468.6,12:02,2/20/17,13,11:01,2/20/17,AMC
D,3,3,136172.09,13:36,2/10/17,3,11:32,2/10/17,AMC
F,2,2,224439.12,11:45,2/20/17,13,11:01,2/20/17,AMC
C,2,2,224695.2,13:33,2/10/17,3,11:32,2/10/17,AMC
D,2,3,170796.53,12:30,2/10/17,3,11:32,2/10/17,AMC
A,2,1,226965.48,10:30,2/22/17,15,9:41,2/22/17,AMC
A,2,1,227989.9,13:29,2/10/17,3,11:32,2/10/17,AMC
D,2,3,226208.17,13:13,2/10/17,3,11:32,2/10/17,AMC
F,1,1,231839.65,12:24,2/15/17,8,9:58,2/15/17,AMC
E,2,1,233122.25,12:54,2/9/17,2,10:44,2/9/17,AMC
A,1,2,233391.75,13:05,2/20/17,13,11:01,2/20/17,AMC
F,2,1,234181.53,11:44,2/20/17,13,11:01,2/20/17,AMC
A,1,3,238565.04,12:21,2/22/17,15,9:41,2/22/17,AMC
A,1,2,239245.87,13:05,2/9/17,2,10:44,2/9/17,AMC
D,2,1,239253.12,13:14,2/9/17,2,10:44,2/9/17,AMC
C,1,2,240481.18,13:33,2/10/17,3,11:32,2/10/17,AMC
A,3,3,240765.59,11:04,2/20/17,13,11:01,2/20/17,AMC
E,2,2,241391.26,13:17,2/9/17,2,10:44,2/9/17,AMC
A,1,3,242696,12:16,2/15/17,8,9:58,2/15/17,AMC
A,1,1,244377.95,12:16,2/15/17,8,9:58,2/15/17,AMC
F,2,1,249841.29,12:18,2/22/17,15,9:41,2/22/17,AMC
B,3,3,253826.64,12:20,2/15/17,8,9:58,2/15/17,AMC
D,2,3,253863.9,13:35,2/10/17,3,11:32,2/10/17,AMC
A,1,2,254055.87,12:16,2/15/17,8,9:58,2/15/17,AMC
B,1,2,255123.01,13:07,2/10/17,3,11:32,2/10/17,AMC
A,1,1,256383.25,13:05,2/9/17,2,10:44,2/9/17,AMC
C,2,1,257479.4,12:48,2/9/17,2,10:44,2/9/17,AMC
A,1,3,257889.93,13:05,2/9/17,2,10:44,2/9/17,AMC
F,2,3,258076,12:33,2/22/17,15,9:41,2/22/17,AMC
A,1,2,258355.03,12:19,2/10/17,3,11:32,2/10/17,AMC
B,3,2,258712.6,13:09,2/10/17,3,11:32,2/10/17,AMC
C,2,2,259854.26,12:48,2/9/17,2,10:44,2/9/17,AMC
A,3,2,260857.51,12:23,2/10/17,3,11:32,2/10/17,AMC
E,2,1,261768.31,13:17,2/9/17,2,10:44,2/9/17,AMC
E,2,3,262077.45,13:17,2/9/17,2,10:44,2/9/17,AMC
F,2,2,262455.43,10:35,2/22/17,15,9:41,2/22/17,AMC
D,2,2,264295.75,12:51,2/9/17,2,10:44,2/9/17,AMC
B,2,2,264315.34,12:46,2/9/17,2,10:44,2/9/17,AMC
A,1,2,265025.4,12:20,2/22/17,15,9:41,2/22/17,AMC
B,2,2,265851.5,13:08,2/10/17,3,11:32,2/10/17,AMC
D,2,3,268856.25,12:52,2/9/17,2,10:44,2/9/17,AMC
A,2,3,270763.4,12:08,2/22/17,15,9:41,2/22/17,AMC
B,2,3,271138.25,12:46,2/9/17,2,10:44,2/9/17,AMC
C,2,3,271559.56,12:49,2/9/17,2,10:44,2/9/17,AMC
A,1,3,76101.81,10:08,2/13/17,6,10:08,2/13/17,AMC
F,2,2,279754.06,11:27,2/15/17,8,9:58,2/15/17,AMC
A,2,1,74110.93,10:08,2/13/17,6,10:08,2/13/17,AMC
A,2,2,284868.9,12:20,2/10/17,3,11:32,2/10/17,AMC
A,2,1,285534.9,12:25,2/8/17,1,11:22,2/8/17,AMC
D,2,2,289630.71,13:14,2/8/17,1,11:22,2/8/17,AMC
A,2,2,290369.9,11:13,2/15/17,8,9:58,2/15/17,AMC
D,2,3,291259.81,13:14,2/8/17,1,11:22,2/8/17,AMC
F,2,2,292071.87,12:07,2/20/17,13,11:01,2/20/17,AMC
A,2,1,292848.84,11:12,2/15/17,8,9:58,2/15/17,AMC
E,2,2,295816.84,13:16,2/8/17,1,11:22,2/8/17,AMC
A,2,2,295899.46,12:25,2/8/17,1,11:22,2/8/17,AMC
C,2,1,296653.5,13:11,2/9/17,2,10:44,2/9/17,AMC
C,2,1,297084.06,13:10,2/8/17,1,11:22,2/8/17,AMC
A,3,1,298178.96,9:42,2/22/17,15,9:41,2/22/17,AMC
A,2,3,299258.53,11:13,2/15/17,8,9:58,2/15/17,AMC
B,2,1,299275.56,12:46,2/9/17,2,10:44,2/9/17,AMC
B,1,2,301363.5,13:31,2/10/17,3,11:32,2/10/17,AMC
E,2,1,304842.9,13:16,2/8/17,1,11:22,2/8/17,AMC
C,2,2,305144.96,13:12,2/9/17,2,10:44,2/9/17,AMC
B,3,2,307183.96,13:32,2/10/17,3,11:32,2/10/17,AMC
B,2,2,310877.75,13:31,2/10/17,3,11:32,2/10/17,AMC
F,2,1,311460.09,12:07,2/20/17,13,11:01,2/20/17,AMC
D,2,3,311965.68,13:15,2/9/17,2,10:44,2/9/17,AMC
D,2,2,313734.84,13:14,2/9/17,2,10:44,2/9/17,AMC
D,2,1,313740.93,13:13,2/8/17,1,11:22,2/8/17,AMC
A,2,2,72095.24,10:08,2/13/17,6,10:08,2/13/17,AMC
A,3,3,316988.78,10:37,2/15/17,8,9:58,2/15/17,AMC
C,2,3,318231.5,13:11,2/8/17,1,11:22,2/8/17,AMC
A,3,2,318231.75,11:14,2/15/17,8,9:58,2/15/17,AMC
A,1,1,103562.43,11:11,2/13/17,6,10:08,2/13/17,AMC
A,2,3,322182.5,13:06,2/20/17,13,11:01,2/20/17,AMC
A,2,3,323258.03,12:26,2/8/17,1,11:22,2/8/17,AMC
A,2,2,325855.31,12:08,2/22/17,15,9:41,2/22/17,AMC
C,2,2,326203.46,13:11,2/8/17,1,11:22,2/8/17,AMC
B,2,1,328622.15,13:08,2/8/17,1,11:22,2/8/17,AMC
B,2,3,329151.15,13:08,2/8/17,1,11:22,2/8/17,AMC
B,2,2,332483.21,13:09,2/9/17,2,10:44,2/9/17,AMC
A,2,2,334590.62,11:48,2/9/17,2,10:44,2/9/17,AMC
C,2,3,339331.65,13:12,2/9/17,2,10:44,2/9/17,AMC
A,2,3,344215.93,11:48,2/9/17,2,10:44,2/9/17,AMC
B,2,2,345088.62,13:08,2/8/17,1,11:22,2/8/17,AMC
B,2,3,354619.34,13:09,2/9/17,2,10:44,2/9/17,AMC
A,3,2,355939.71,9:42,2/22/17,15,9:41,2/22/17,AMC
F,2,1,359843.56,12:32,2/22/17,15,9:41,2/22/17,AMC
A,2,1,360790.28,11:48,2/9/17,2,10:44,2/9/17,AMC
A,2,1,362114.09,13:03,2/20/17,13,11:01,2/20/17,AMC
A,2,1,368926.34,12:07,2/22/17,15,9:41,2/22/17,AMC
B,2,1,369710.59,13:09,2/9/17,2,10:44,2/9/17,AMC
F,2,1,370714.03,10:51,2/13/17,6,10:08,2/13/17,AMC
A,2,3,379992.5,12:21,2/22/17,15,9:41,2/22/17,AMC
A,3,3,384438.28,9:43,2/22/17,15,9:41,2/22/17,AMC
A,2,2,388713.81,13:05,2/20/17,13,11:01,2/20/17,AMC
A,3,2,408472.81,13:07,2/10/17,3,11:32,2/10/17,AMC
F,2,1,419600.06,10:45,2/15/17,8,9:58,2/15/17,AMC
F,2,2,424396.87,12:25,2/15/17,8,9:58,2/15/17,AMC
F,2,2,425602.09,12:18,2/22/17,15,9:41,2/22/17,AMC
A,3,1,428894.81,11:34,2/20/17,13,11:01,2/20/17,AMC
F,1,2,436113.93,12:34,2/10/17,3,11:32,2/10/17,AMC
A,1,2,438982.31,13:05,2/10/17,3,11:32,2/10/17,AMC
A,2,2,455710,12:21,2/22/17,15,9:41,2/22/17,AMC
A,2,2,456122,13:06,2/10/17,3,11:32,2/10/17,AMC
A,2,1,463593.75,12:17,2/15/17,8,9:58,2/15/17,AMC
F,2,2,465121.96,13:12,2/20/17,13,11:01,2/20/17,AMC
A,2,3,483306.59,12:18,2/15/17,8,9:58,2/15/17,AMC
A,2,1,495869.06,12:20,2/22/17,15,9:41,2/22/17,AMC
A,3,2,504512.78,13:30,2/10/17,3,11:32,2/10/17,AMC
A,3,3,512011.46,11:14,2/15/17,8,9:58,2/15/17,AMC
A,2,2,513267.28,13:29,2/10/17,3,11:32,2/10/17,AMC
A,3,2,513977.21,12:18,2/15/17,8,9:58,2/15/17,AMC
A,1,2,514980.78,13:29,2/10/17,3,11:32,2/10/17,AMC
A,2,1,525409.12,13:06,2/8/17,1,11:22,2/8/17,AMC
F,2,1,547681.25,13:11,2/20/17,13,11:01,2/20/17,AMC
A,2,2,552445.43,13:06,2/8/17,1,11:22,2/8/17,AMC
A,2,3,565343.87,12:44,2/9/17,2,10:44,2/9/17,AMC
A,2,3,583227.81,13:06,2/8/17,1,11:22,2/8/17,AMC
F,2,2,587890.37,12:32,2/22/17,15,9:41,2/22/17,AMC
A,2,2,593324.56,12:44,2/9/17,2,10:44,2/9/17,AMC
A,2,1,656081.56,12:43,2/9/17,2,10:44,2/9/17,AMC
F,1,2,656658.43,13:16,2/10/17,3,11:32,2/10/17,AMC
A,3,1,669935.56,12:02,2/20/17,13,11:01,2/20/17,AMC
A,2,2,679760.18,13:06,2/9/17,2,10:44,2/9/17,AMC
A,2,3,694750.87,13:06,2/9/17,2,10:44,2/9/17,AMC
F,1,2,708384.5,13:38,2/10/17,3,11:32,2/10/17,AMC
A,2,1,775030.62,13:06,2/9/17,2,10:44,2/9/17,AMC
C,1,3,814433.63,11:52,2/9/17,2,10:44,2/9/17,AMC
F,2,1,827550.5,11:26,2/15/17,8,9:58,2/15/17,AMC
A,3,2,882078.56,11:35,2/20/17,13,11:01,2/20/17,AMC
A,3,3,913124.37,12:18,2/15/17,8,9:58,2/15/17,AMC
F,2,1,996879.81,12:16,2/13/17,6,10:08,2/13/17,AMC
A,3,3,1035790,11:35,2/20/17,13,11:01,2/20/17,AMC
D,3,1,1335037.65,12:13,2/13/17,6,10:08,2/13/17,AMC
A,3,1,1363676.87,13:05,2/20/17,13,11:01,2/20/17,AMC
A,3,2,1501175.5,12:02,2/20/17,13,11:01,2/20/17,AMC
A,3,2,1747626.37,10:31,2/22/17,15,9:41,2/22/17,AMC
A,3,3,1749969,12:02,2/20/17,13,11:01,2/20/17,AMC
A,3,3,1878295.12,10:31,2/22/17,15,9:41,2/22/17,AMC
A,3,1,3026548.28,12:07,2/22/17,15,9:41,2/22/17,AMC
A,3,2,3725841,13:05,2/20/17,13,11:01,2/20/17,AMC
A,3,2,4084513,12:08,2/22/17,15,9:41,2/22/17,AMC
A,3,3,4578290.5,12:09,2/22/17,15,9:41,2/22/17,AMC
A,3,3,4653230.5,13:06,2/20/17,13,11:01,2/20/17,AMC
A,3,1,5430097.5,12:20,2/22/17,15,9:41,2/22/17,AMC
A,3,2,8972068,12:21,2/22/17,15,9:41,2/22/17,AMC
A,3,3,9349542,12:22,2/22/17,15,9:41,2/22/17,AMC
A,2,2,465763.75,12:17,2/15/17,8,9:58,2/15/17,AMC
A,1,2,93188.32,9:59,3/1/17,22,9:59,3/1/17,AMC
A,1,3,88036.07,10:00,3/1/17,22,9:59,3/1/17,AMC
A,2,1,77619.58,10:00,3/1/17,22,9:59,3/1/17,AMC
A,2,2,122308.33,10:00,3/1/17,22,9:59,3/1/17,AMC
A,2,3,136996.6,10:00,3/1/17,22,9:59,3/1/17,AMC
A,3,1,142764.29,10:01,3/1/17,22,9:59,3/1/17,AMC
A,3,2,324263.21,10:01,3/1/17,22,9:59,3/1/17,AMC
A,3,3,275242.87,10:01,3/1/17,22,9:59,3/1/17,AMC
B,1,1,64583.88,10:01,3/1/17,22,9:59,3/1/17,AMC
B,1,2,65827.6,10:02,3/1/17,22,9:59,3/1/17,AMC
B,1,3,63718.64,10:02,3/1/17,22,9:59,3/1/17,AMC
B,2,1,61206.79,10:02,3/1/17,22,9:59,3/1/17,AMC
B,2,2,56376.8,10:02,3/1/17,22,9:59,3/1/17,AMC
B,2,3,57015.24,10:03,3/1/17,22,9:59,3/1/17,AMC
B,3,1,97887.93,10:03,3/1/17,22,9:59,3/1/17,AMC
B,3,2,104474.58,10:03,3/1/17,22,9:59,3/1/17,AMC
B,3,3,106056,10:03,3/1/17,22,9:59,3/1/17,AMC
C,1,1,65589.59,10:03,3/1/17,22,9:59,3/1/17,AMC
C,1,2,55598.35,10:04,3/1/17,22,9:59,3/1/17,AMC
C,1,3,56183.88,10:04,3/1/17,22,9:59,3/1/17,AMC
C,2,1,61192.04,10:04,3/1/17,22,9:59,3/1/17,AMC
C,2,2,60272.03,10:04,3/1/17,22,9:59,3/1/17,AMC
C,2,3,54481.86,10:04,3/1/17,22,9:59,3/1/17,AMC
C,3,1,109432.75,10:04,3/1/17,22,9:59,3/1/17,AMC
C,3,2,90652.6,10:04,3/1/17,22,9:59,3/1/17,AMC
C,3,3,110265.71,10:04,3/1/17,22,9:59,3/1/17,AMC
D,1,1,55124.18,10:05,3/1/17,22,9:59,3/1/17,AMC
D,1,2,53938.09,10:05,3/1/17,22,9:59,3/1/17,AMC
D,1,3,54175.32,10:05,3/1/17,22,9:59,3/1/17,AMC
D,2,1,59414.36,10:05,3/1/17,22,9:59,3/1/17,AMC
D,2,2,56837.07,10:05,3/1/17,22,9:59,3/1/17,AMC
D,2,3,60207,10:05,3/1/17,22,9:59,3/1/17,AMC
D,3,1,117636.56,10:05,3/1/17,22,9:59,3/1/17,AMC
D,3,2,130398.55,10:06,3/1/17,22,9:59,3/1/17,AMC
D,3,3,101514.98,10:06,3/1/17,22,9:59,3/1/17,AMC
E,1,1,64013.51,10:06,3/1/17,22,9:59,3/1/17,AMC
E,1,2,62971.82,10:06,3/1/17,22,9:59,3/1/17,AMC
E,1,3,64355.8,10:06,3/1/17,22,9:59,3/1/17,AMC
E,2,1,56979.07,10:06,3/1/17,22,9:59,3/1/17,AMC
E,2,2,58423.38,10:06,3/1/17,22,9:59,3/1/17,AMC
E,2,3,58317.21,10:06,3/1/17,22,9:59,3/1/17,AMC
E,3,1,103363.54,10:07,3/1/17,22,9:59,3/1/17,AMC
E,3,2,102363.08,10:07,3/1/17,22,9:59,3/1/17,AMC
E,3,3,106882.59,10:07,3/1/17,22,9:59,3/1/17,AMC
F,1,1,65820.45,10:07,3/1/17,22,9:59,3/1/17,AMC
F,1,2,61792.64,10:07,3/1/17,22,9:59,3/1/17,AMC
F,1,3,69210.11,10:07,3/1/17,22,9:59,3/1/17,AMC
F,2,1,65580.22,10:08,3/1/17,22,9:59,3/1/17,AMC
F,2,2,91319.87,10:08,3/1/17,22,9:59,3/1/17,AMC
F,2,3,71387.87,10:08,3/1/17,22,9:59,3/1/17,AMC
F,3,1,102968.97,10:08,3/1/17,22,9:59,3/1/17,AMC
F,3,2,97799.32,10:08,3/1/17,22,9:59,3/1/17,AMC
F,3,3,95491.89,10:08,3/1/17,22,9:59,3/1/17,AMC
A,1,1,100060.2,10:45,3/1/17,22,9:59,3/1/17,AMC
A,1,2,200245.98,10:45,3/1/17,22,9:59,3/1/17,AMC
A,1,3,167585.92,10:45,3/1/17,22,9:59,3/1/17,AMC
A,2,1,177119.42,10:46,3/1/17,22,9:59,3/1/17,AMC
A,2,2,396847.4,10:46,3/1/17,22,9:59,3/1/17,AMC
A,2,3,399697.87,10:46,3/1/17,22,9:59,3/1/17,AMC
A,3,1,426201.06,10:46,3/1/17,22,9:59,3/1/17,AMC
A,3,2,1928908.75,10:46,3/1/17,22,9:59,3/1/17,AMC
A,3,3,1421484.5,10:46,3/1/17,22,9:59,3/1/17,AMC
B,1,1,65582.35,10:46,3/1/17,22,9:59,3/1/17,AMC
B,1,2,67412.46,10:46,3/1/17,22,9:59,3/1/17,AMC
B,1,3,65181.72,10:47,3/1/17,22,9:59,3/1/17,AMC
B,2,1,75345.94,10:47,3/1/17,22,9:59,3/1/17,AMC
B,2,2,67577.28,10:47,3/1/17,22,9:59,3/1/17,AMC
B,2,3,67526.04,10:47,3/1/17,22,9:59,3/1/17,AMC
B,3,1,103612.4,10:47,3/1/17,22,9:59,3/1/17,AMC
B,3,2,109879.36,10:47,3/1/17,22,9:59,3/1/17,AMC
B,3,3,111069.12,10:47,3/1/17,22,9:59,3/1/17,AMC
C,1,1,67739.96,10:48,3/1/17,22,9:59,3/1/17,AMC
C,1,2,58194.44,10:48,3/1/17,22,9:59,3/1/17,AMC
C,1,3,58106.15,10:48,3/1/17,22,9:59,3/1/17,AMC
C,2,1,68972.51,10:48,3/1/17,22,9:59,3/1/17,AMC
C,2,2,70276.78,10:48,3/1/17,22,9:59,3/1/17,AMC
C,2,3,64107.89,10:48,3/1/17,22,9:59,3/1/17,AMC
C,3,1,121126.42,10:48,3/1/17,22,9:59,3/1/17,AMC
C,3,2,93019.29,10:48,3/1/17,22,9:59,3/1/17,AMC
C,3,3,114233.18,10:48,3/1/17,22,9:59,3/1/17,AMC
D,1,1,56569.7,10:48,3/1/17,22,9:59,3/1/17,AMC
D,1,2,56034.46,10:49,3/1/17,22,9:59,3/1/17,AMC
D,1,3,56126.79,10:49,3/1/17,22,9:59,3/1/17,AMC
D,2,1,67396.88,10:49,3/1/17,22,9:59,3/1/17,AMC
D,2,2,67396.87,10:49,3/1/17,22,9:59,3/1/17,AMC
D,2,3,69142.94,10:49,3/1/17,22,9:59,3/1/17,AMC
D,3,1,119020.07,10:49,3/1/17,22,9:59,3/1/17,AMC
D,3,2,297909.78,10:49,3/1/17,22,9:59,3/1/17,AMC
D,3,3,103034.06,10:49,3/1/17,22,9:59,3/1/17,AMC
E,1,1,65485.55,10:49,3/1/17,22,9:59,3/1/17,AMC
E,1,2,64931.41,10:50,3/1/17,22,9:59,3/1/17,AMC
E,1,3,65952.98,10:50,3/1/17,22,9:59,3/1/17,AMC
E,2,1,62434.36,10:50,3/1/17,22,9:59,3/1/17,AMC
E,2,2,65781.99,10:50,3/1/17,22,9:59,3/1/17,AMC
E,2,3,65094.32,10:50,3/1/17,22,9:59,3/1/17,AMC
E,3,1,103885.5,10:50,3/1/17,22,9:59,3/1/17,AMC
E,3,2,103520.9,10:51,3/1/17,22,9:59,3/1/17,AMC
E,3,3,107433.66,10:51,3/1/17,22,9:59,3/1/17,AMC
F,1,1,71357.05,10:51,3/1/17,22,9:59,3/1/17,AMC
F,1,2,77939.53,10:51,3/1/17,22,9:59,3/1/17,AMC
F,1,3,84394.94,10:51,3/1/17,22,9:59,3/1/17,AMC
F,2,1,102284.47,10:51,3/1/17,22,9:59,3/1/17,AMC
F,2,2,200509.4,10:51,3/1/17,22,9:59,3/1/17,AMC
F,2,3,122471.57,10:51,3/1/17,22,9:59,3/1/17,AMC
F,3,1,104379.7,10:51,3/1/17,22,9:59,3/1/17,AMC
F,3,2,101666.81,10:51,3/1/17,22,9:59,3/1/17,AMC
F,3,3,98842.76,10:51,3/1/17,22,9:59,3/1/17,AMC
A,1,1,127834.56,11:22,3/1/17,22,9:59,3/1/17,AMC
A,1,2,295976.75,11:22,3/1/17,22,9:59,3/1/17,AMC
A,1,3,248492.87,11:22,3/1/17,22,9:59,3/1/17,AMC
A,2,1,294173.09,11:22,3/1/17,22,9:59,3/1/17,AMC
A,2,2,704500.56,11:22,3/1/17,22,9:59,3/1/17,AMC
A,2,3,724378,11:22,3/1/17,22,9:59,3/1/17,AMC
A,3,1,709858.43,11:22,3/1/17,22,9:59,3/1/17,AMC
A,3,2,4198091.5,11:22,3/1/17,22,9:59,3/1/17,AMC
A,3,3,2862482.5,11:23,3/1/17,22,9:59,3/1/17,AMC
B,1,1,68783.32,11:23,3/1/17,22,9:59,3/1/17,AMC
B,1,2,70201.18,11:23,3/1/17,22,9:59,3/1/17,AMC
B,1,3,68201.66,11:23,3/1/17,22,9:59,3/1/17,AMC
B,2,1,90476.44,11:23,3/1/17,22,9:59,3/1/17,AMC
B,2,2,78499.53,11:23,3/1/17,22,9:59,3/1/17,AMC
B,2,3,78499.35,11:23,3/1/17,22,9:59,3/1/17,AMC
B,3,1,116721.43,11:23,3/1/17,22,9:59,3/1/17,AMC
B,3,2,114856.35,11:24,3/1/17,22,9:59,3/1/17,AMC
B,3,3,117104.56,11:24,3/1/17,22,9:59,3/1/17,AMC
C,1,1,70464.5,11:24,3/1/17,22,9:59,3/1/17,AMC
C,1,2,60922.66,11:24,3/1/17,22,9:59,3/1/17,AMC
C,1,3,59820.66,11:24,3/1/17,22,9:59,3/1/17,AMC
C,2,1,75553.3,11:24,3/1/17,22,9:59,3/1/17,AMC
C,2,2,80771.43,11:24,3/1/17,22,9:59,3/1/17,AMC
C,2,3,73728.28,11:24,3/1/17,22,9:59,3/1/17,AMC
C,3,1,132411.03,11:25,3/1/17,22,9:59,3/1/17,AMC
C,3,2,95927.13,11:25,3/1/17,22,9:59,3/1/17,AMC
C,3,3,118000.03,11:25,3/1/17,22,9:59,3/1/17,AMC
D,1,1,58415.69,11:25,3/1/17,22,9:59,3/1/17,AMC
D,1,2,56877.46,11:25,3/1/17,22,9:59,3/1/17,AMC
D,1,3,58264.41,11:25,3/1/17,22,9:59,3/1/17,AMC
D,2,1,74868.93,11:25,3/1/17,22,9:59,3/1/17,AMC
D,2,2,66192.63,11:26,3/1/17,22,9:59,3/1/17,AMC
D,2,3,77583.15,11:26,3/1/17,22,9:59,3/1/17,AMC
D,3,1,121649.61,11:26,3/1/17,22,9:59,3/1/17,AMC
D,3,2,1240261.5,11:26,3/1/17,22,9:59,3/1/17,AMC
D,3,3,104843.07,11:27,3/1/17,22,9:59,3/1/17,AMC
E,1,1,68024.24,11:27,3/1/17,22,9:59,3/1/17,AMC
E,1,2,67389.362,11:27,3/1/17,22,9:59,3/1/17,AMC
E,1,3,62927.82,11:27,3/1/17,22,9:59,3/1/17,AMC
E,2,1,67901.57,11:28,3/1/17,22,9:59,3/1/17,AMC
E,2,2,73313.76,11:28,3/1/17,22,9:59,3/1/17,AMC
E,2,3,71498.03,11:28,3/1/17,22,9:59,3/1/17,AMC
E,3,1,104697.75,11:28,3/1/17,22,9:59,3/1/17,AMC
E,3,2,104244.66,11:28,3/1/17,22,9:59,3/1/17,AMC
E,3,3,108433.71,11:29,3/1/17,22,9:59,3/1/17,AMC
F,1,1,76325.98,11:29,3/1/17,22,9:59,3/1/17,AMC
F,1,2,95246.36,11:29,3/1/17,22,9:59,3/1/17,AMC
F,1,3,98224.43,11:30,3/1/17,22,9:59,3/1/17,AMC
F,2,1,130302.39,11:30,3/1/17,22,9:59,3/1/17,AMC
F,2,2,305012.62,11:30,3/1/17,22,9:59,3/1/17,AMC
F,2,3,168999.81,11:31,3/1/17,22,9:59,3/1/17,AMC
F,3,1,105467.96,11:31,3/1/17,22,9:59,3/1/17,AMC
F,3,2,105483.59,11:31,3/1/17,22,9:59,3/1/17,AMC
F,3,3,101929.38,11:32,3/1/17,22,9:59,3/1/17,AMC
A,1,1,147782.9,11:48,3/1/17,22,9:59,3/1/17,AMC
A,1,2,363089.65,11:48,3/1/17,22,9:59,3/1/17,AMC
A,1,3,311002.65,11:48,3/1/17,22,9:59,3/1/17,AMC
A,2,1,370426.06,11:48,3/1/17,22,9:59,3/1/17,AMC
A,2,2,899112.68,11:48,3/1/17,22,9:59,3/1/17,AMC
A,2,3,1004978.12,11:48,3/1/17,22,9:59,3/1/17,AMC
A,3,1,931940.56,11:49,3/1/17,22,9:59,3/1/17,AMC
A,3,2,7288453.5,11:49,3/1/17,22,9:59,3/1/17,AMC
A,3,3,4160654,11:49,3/1/17,22,9:59,3/1/17,AMC
B,1,1,70110.78,11:49,3/1/17,22,9:59,3/1/17,AMC
B,1,2,72286.57,11:50,3/1/17,22,9:59,3/1/17,AMC
B,1,3,69987.54,11:50,3/1/17,22,9:59,3/1/17,AMC
B,2,1,108454.26,11:50,3/1/17,22,9:59,3/1/17,AMC
B,2,2,88699.03,11:50,3/1/17,22,9:59,3/1/17,AMC
B,2,3,86017.93,11:51,3/1/17,22,9:59,3/1/17,AMC
B,3,1,120342.83,11:51,3/1/17,22,9:59,3/1/17,AMC
B,3,2,118829.29,11:51,3/1/17,22,9:59,3/1/17,AMC
B,3,3,120342.83,11:51,3/1/17,22,9:59,3/1/17,AMC
C,1,1,72291.67,11:52,3/1/17,22,9:59,3/1/17,AMC
C,1,2,62000.41,11:52,3/1/17,22,9:59,3/1/17,AMC
C,1,3,61192.22,11:52,3/1/17,22,9:59,3/1/17,AMC
C,2,1,80706.29,11:52,3/1/17,22,9:59,3/1/17,AMC
C,2,2,87666.71,11:52,3/1/17,22,9:59,3/1/17,AMC
C,2,3,78888.44,11:52,3/1/17,22,9:59,3/1/17,AMC
C,3,1,139637,11:53,3/1/17,22,9:59,3/1/17,AMC
C,3,2,98486.03,11:53,3/1/17,22,9:59,3/1/17,AMC
C,3,3,121252.4,11:53,3/1/17,22,9:59,3/1/17,AMC
D,1,1,59349.32,11:53,3/1/17,22,9:59,3/1/17,AMC
D,1,2,57474,11:53,3/1/17,22,9:59,3/1/17,AMC
D,1,3,59379.75,11:53,3/1/17,22,9:59,3/1/17,AMC
D,2,1,80592.09,11:53,3/1/17,22,9:59,3/1/17,AMC
D,2,2,69149.37,11:53,3/1/17,22,9:59,3/1/17,AMC
D,2,3,83789.53,11:54,3/1/17,22,9:59,3/1/17,AMC
D,3,1,123556.91,11:54,3/1/17,22,9:59,3/1/17,AMC
D,3,2,2843066.25,11:54,3/1/17,22,9:59,3/1/17,AMC
D,3,3,105435.21,11:54,3/1/17,22,9:59,3/1/17,AMC
E,1,1,68320.98,11:54,3/1/17,22,9:59,3/1/17,AMC
E,1,2,68709.65,11:54,3/1/17,22,9:59,3/1/17,AMC
E,1,3,68823.35,11:54,3/1/17,22,9:59,3/1/17,AMC
E,2,1,71528.02,11:55,3/1/17,22,9:59,3/1/17,AMC
E,2,2,78460.05,11:55,3/1/17,22,9:59,3/1/17,AMC
E,2,3,75733.88,11:55,3/1/17,22,9:59,3/1/17,AMC
E,3,1,104955.06,11:55,3/1/17,22,9:59,3/1/17,AMC
E,3,2,104733.64,11:55,3/1/17,22,9:59,3/1/17,AMC
E,3,3,107950.45,11:55,3/1/17,22,9:59,3/1/17,AMC
F,1,1,81708.5,11:55,3/1/17,22,9:59,3/1/17,AMC
F,1,2,105377.94,11:55,3/1/17,22,9:59,3/1/17,AMC
F,1,3,107774.08,11:56,3/1/17,22,9:59,3/1/17,AMC
F,2,1,153608.12,11:56,3/1/17,22,9:59,3/1/17,AMC
F,2,2,107526.57,11:56,3/1/17,22,9:59,3/1/17,AMC
F,2,3,368304.25,11:56,3/1/17,22,9:59,3/1/17,AMC
F,3,1,107624.11,11:56,3/1/17,22,9:59,3/1/17,AMC
F,3,2,105240.61,11:56,3/1/17,22,9:59,3/1/17,AMC
F,3,3,104497.54,11:56,3/1/17,22,9:59,3/1/17,AMC